date,net_return,loss,turnover
2020-01-03,-0.0079689557203243,0.0079689557203243,0.0
2020-01-06,0.0023051131601006247,-0.0023051131601006247,0.0
2020-01-07,-0.0043208585964179536,0.0043208585964179536,0.0
2020-01-08,0.0058094771470567075,-0.0058094771470567075,0.0
2020-01-09,0.007515657620041916,-0.007515657620041916,0.0
2020-01-10,-0.0045586406962286885,0.0045586406962286885,0.0
2020-01-13,0.0027060782681098683,-0.0027060782681098683,0.0
2020-01-14,0.0006919936336586829,-0.0006919936336586829,0.0
2020-01-15,0.003907060369269022,-0.003907060369269022,0.0
2020-01-16,0.008885827449629735,-0.008885827449629735,0.0
2020-01-17,0.0011606868535143366,-0.0011606868535143366,0.0
2020-01-21,-0.004910151055341538,0.004910151055341538,0.0
2020-01-22,-6.853305006337962e-05,6.853305006337962e-05,0.0
2020-01-23,-0.0009252595867172975,0.0009252595867172975,0.0
2020-01-24,-0.005968306235850984,0.005968306235850984,0.0
2020-01-27,-0.015320910973084856,0.015320910973084856,0.0
2020-01-28,0.006763386599383248,-0.006763386599383248,0.0
2020-01-29,0.0,-0.0,0.0
2020-01-30,0.004351004211772036,-0.004351004211772036,0.0
2020-01-31,-0.021210230817217735,0.021210230817217735,0.0
2020-02-03,0.005523688124070558,-0.005523688124070558,0.0
2020-02-04,0.014296781463483343,-0.014296781463483343,0.0
2020-02-05,0.016733786974031384,-0.016733786974031384,0.0
2020-02-06,0.003004848733183074,-0.003004848733183074,0.0
2020-02-07,-0.008681146592224409,0.008681146592224409,0.0
2020-02-10,0.006044163604519426,-0.006044163604519426,0.0
2020-02-11,-3.413551800646175e-05,3.413551800646175e-05,0.0
2020-02-12,0.009489997951799056,-0.009489997951799056,0.0
2020-02-13,-0.0030434194508319745,0.0030434194508319745,0.0
2020-02-14,-0.0009497320398886844,0.0009497320398886844,0.0
2020-02-18,-0.005398248115705995,0.005398248115705995,0.0
2020-02-19,0.003925584570745988,-0.003925584570745988,0.0
2020-02-20,-0.004488269296157976,0.004488269296157976,0.0
2020-02-21,-0.010383222897738742,0.010383222897738742,0.0
2020-02-24,-0.0351349485745841,0.0351349485745841,0.0
2020-02-25,-0.0316926598941194,0.0316926598941194,0.0
2020-02-26,-0.0035463612855558546,0.0035463612855558546,0.0
2020-02-27,-0.04537702973233493,0.04537702973233493,0.0
2020-02-28,-0.011417475728155324,0.011417475728155324,0.0
2020-03-02,0.0489864864864864,-0.0489864864864864,0.0
2020-03-03,-0.028948058270606203,0.028948058270606203,0.0
2020-03-04,0.04469726185885059,-0.04469726185885059,0.0
2020-03-05,-0.034811177968917306,0.034811177968917306,0.0
2020-03-06,-0.009982406486651718,0.009982406486651718,0.0
2020-03-09,-0.07776704655205724,0.07776704655205724,0.0
2020-03-10,0.04922084450402142,-0.04922084450402142,0.0
2020-03-11,-0.0584101888449714,0.0584101888449714,0.0
2020-03-12,-0.10061906377204877,0.10061906377204877,0.0
2020-03-13,0.09429069822262037,-0.09429069822262037,0.0
2020-03-16,-0.1276119081469993,0.1276119081469993,0.0
2020-03-17,0.054224899995061415,-0.054224899995061415,0.0
2020-03-18,-0.06595774581908476,0.06595774581908476,0.0
2020-03-19,0.0096293695772105,-0.0096293695772105,0.0
2020-03-20,-0.04674382792707765,0.04674382792707765,0.0
2020-03-23,-0.030067743616466913,0.030067743616466913,0.0
2020-03-24,0.11019180142910856,-0.11019180142910856,0.0
2020-03-25,0.026229190863337193,-0.026229190863337193,0.0
2020-03-26,0.06135056116193516,-0.06135056116193516,0.0
2020-03-27,-0.03874350202159327,0.03874350202159327,0.0
2020-03-30,0.031199445343193855,-0.031199445343193855,0.0
2020-03-31,-0.017346481398476055,0.017346481398476055,0.0
2020-04-01,-0.04492998221046385,0.04492998221046385,0.0
2020-04-02,0.021874104498997182,-0.021874104498997182,0.0
2020-04-03,-0.015703869882221055,0.015703869882221055,0.0
2020-04-06,0.0756410256410256,-0.0756410256410256,0.0
2020-04-07,0.00030900984417070454,-0.00030900984417070454,0.0
2020-04-08,0.03411297440423655,-0.03411297440423655,0.0
2020-04-09,0.011991635727392813,-0.011991635727392813,0.0
2020-04-13,-0.013409800118073578,0.013409800118073578,0.0
2020-04-14,0.024448623696358363,-0.024448623696358363,0.0
2020-04-15,-0.019192256341789005,0.019192256341789005,0.0
2020-04-16,0.0011060064658838797,-0.0011060064658838797,0.0
2020-04-17,0.03012662530806498,-0.03012662530806498,0.0
2020-04-20,-0.02388318277440915,0.02388318277440915,0.0
2020-04-21,-0.02712981744421905,0.02712981744421905,0.0
2020-04-22,0.019763704282860006,-0.019763704282860006,0.0
2020-04-23,0.001277846402862215,-0.001277846402862215,0.0
2020-04-24,0.011741183477262274,-0.011741183477262274,0.0
2020-04-27,0.014674347222806139,-0.014674347222806139,0.0
2020-04-28,-0.0009530913310127342,0.0009530913310127342,0.0
2020-04-29,0.022232361358828667,-0.022232361358828667,0.0
2020-04-30,-0.013106106715358057,0.013106106715358057,0.0
2020-05-01,-0.024422333689663622,0.024422333689663622,0.0
2020-05-04,0.0005900202292650203,-0.0005900202292650203,0.0
2020-05-05,0.005812484205206081,-0.005812484205206081,0.0
2020-05-06,-0.008123953098827408,0.008123953098827408,0.0
2020-05-07,0.008654901629654654,-0.008654901629654654,0.0
2020-05-08,0.01971453685488256,-0.01971453685488256,0.0
2020-05-11,-0.004351038502586002,0.004351038502586002,0.0
2020-05-12,-0.01846965699208436,0.01846965699208436,0.0
2020-05-13,-0.022093413978494736,0.022093413978494736,0.0
2020-05-14,0.016879993127738135,-0.016879993127738135,0.0
2020-05-15,0.0006758183738120316,-0.0006758183738120316,0.0
2020-05-18,0.03807353003250191,-0.03807353003250191,0.0
2020-05-19,-0.015085593461554136,0.015085593461554136,0.0
2020-05-20,0.014490958632648043,-0.014490958632648043,0.0
2020-05-21,-0.0028893500997028143,0.0028893500997028143,0.0
2020-05-22,-0.0005713819280059873,0.0005713819280059873,0.0
2020-05-26,0.021929108134596476,-0.021929108134596476,0.0
2020-05-27,0.022057942057942093,-0.022057942057942093,0.0
2020-05-28,-0.005551863001915791,0.005551863001915791,0.0
2020-05-29,-0.0002358954196972629,0.0002358954196972629,0.0
2020-06-01,0.003853867631444574,-0.003853867631444574,0.0
2020-06-02,0.010106945587025518,-0.010106945587025518,0.0
2020-06-03,0.020632150475082378,-0.020632150475082378,0.0
2020-06-04,0.0006079720332863303,-0.0006079720332863303,0.0
2020-06-05,0.031177609843162646,-0.031177609843162646,0.0
2020-06-08,0.01745599175075485,-0.01745599175075485,0.0
2020-06-09,-0.010496597654553241,0.010496597654553241,0.0
2020-06-10,-0.010681103226278466,0.010681103226278466,0.0
2020-06-11,-0.06814316349922345,0.06814316349922345,0.0
2020-06-12,0.018688251398643052,-0.018688251398643052,0.0
2020-06-15,0.006270935576848213,-0.006270935576848213,0.0
2020-06-16,0.02117282755951222,-0.02117282755951222,0.0
2020-06-17,-0.007580926389204712,0.007580926389204712,0.0
2020-06-18,-0.001413184630662312,0.001413184630662312,0.0
2020-06-19,-0.01013578122011849,0.01013578122011849,0.0
2020-06-22,0.005873261205564084,-0.005873261205564084,0.0
2020-06-23,0.0045328826060233585,-0.0045328826060233585,0.0
2020-06-24,-0.026271510516252428,0.026271510516252428,0.0
2020-06-25,0.011035620311824923,-0.011035620311824923,0.0
2020-06-26,-0.027423865755127452,0.027423865755127452,0.0
2020-06-29,0.022086428628484756,-0.022086428628484756,0.0
2020-06-30,0.007658942597006835,-0.007658942597006835,0.0
2020-07-01,-0.0021716368712917378,0.0021716368712917378,0.0
2020-07-02,0.004313862655940248,-0.004313862655940248,0.0
2020-07-06,0.017723086448417247,-0.017723086448417247,0.0
2020-07-07,-0.015057034220532284,0.015057034220532284,0.0
2020-07-08,0.006485484867202018,-0.006485484867202018,0.0
2020-07-09,-0.013347652654188469,0.013347652654188469,0.0
2020-07-10,0.013916964702223478,-0.013916964702223478,0.0
2020-07-13,0.0008434935971168844,-0.0008434935971168844,0.0
2020-07-14,0.021261109408519552,-0.021261109408519552,0.0
2020-07-15,0.008702501969316323,-0.008702501969316323,0.0
2020-07-16,-0.005354951470752267,0.005354951470752267,0.0
2020-07-17,-0.0027292780498747726,0.0027292780498747726,0.0
2020-07-20,0.0002999175226812145,-0.0002999175226812145,0.0
2020-07-21,0.005696724383479346,-0.005696724383479346,0.0
2020-07-22,0.006111649400015073,-0.006111649400015073,0.0
2020-07-23,-0.01218608785835995,0.01218608785835995,0.0
2020-07-24,-0.007499343807416903,0.007499343807416903,0.0
2020-07-27,0.004760285617136928,-0.004760285617136928,0.0
2020-07-28,-0.007595412671554724,0.007595412671554724,0.0
2020-07-29,0.0059485469632099,-0.0059485469632099,0.0
2020-07-30,-0.008361581920904082,0.008361581920904082,0.0
2020-07-31,0.004064114250987627,-0.004064114250987627,0.0
2020-08-03,0.008965386797805897,-0.008965386797805897,0.0
2020-08-04,0.0063362327534493,-0.0063362327534493,0.0
2020-08-05,0.01337506054170845,-0.01337506054170845,0.0
2020-08-06,0.006985294117646923,-0.006985294117646923,0.0
2020-08-07,0.0026286966046003,-0.0026286966046003,0.0
2020-08-10,0.012817711747141525,-0.012817711747141525,0.0
2020-08-11,-0.0034155461278492227,0.0034155461278492227,0.0
2020-08-12,0.010281756196111047,-0.010281756196111047,0.0
2020-08-13,-0.0022139694329381676,0.0022139694329381676,0.0
2020-08-14,0.0013599599169709098,-0.0013599599169709098,0.0
2020-08-17,-0.003037884203002217,0.003037884203002217,0.0
2020-08-18,-0.0026886538806237814,0.0026886538806237814,0.0
2020-08-19,-0.0027677929547087476,0.0027677929547087476,0.0
2020-08-20,0.0015859856540387796,-0.0015859856540387796,0.0
2020-08-21,0.005110303379278092,-0.005110303379278092,0.0
2020-08-24,0.013928175015217148,-0.013928175015217148,0.0
2020-08-25,-0.0019775407867786976,0.0019775407867786976,0.0
2020-08-26,0.002866039204585613,-0.002866039204585613,0.0
2020-08-27,0.005680414917263565,-0.005680414917263565,0.0
2020-08-28,0.005823744035924561,-0.005823744035924561,0.0
2020-08-31,-0.00844087896756196,0.00844087896756196,0.0
2020-09-01,0.008829323202476536,-0.008829323202476536,0.0
2020-09-02,0.01541197391819793,-0.01541197391819793,0.0
2020-09-03,-0.027025170838913537,0.027025170838913537,0.0
2020-09-04,-0.005541046093033075,0.005541046093033075,0.0
2020-09-08,-0.022536111012527837,0.022536111012527837,0.0
2020-09-09,0.01608452545203698,-0.01608452545203698,0.0
2020-09-10,-0.014507772020725396,0.014507772020725396,0.0
2020-09-11,0.004713731462344439,-0.004713731462344439,0.0
2020-09-14,0.01241473889350031,-0.01241473889350031,0.0
2020-09-15,0.00017823405696359984,-0.00017823405696359984,0.0
2020-09-16,0.0016038206572099867,-0.0016038206572099867,0.0
2020-09-17,-0.00519517489236021,0.00519517489236021,0.0
2020-09-18,-0.010909611188611112,0.010909611188611112,0.0
2020-09-21,-0.01837118472443222,0.01837118472443222,0.0
2020-09-22,0.0050471559092248874,-0.0050471559092248874,0.0
2020-09-23,-0.01917085150837583,0.01917085150837583,0.0
2020-09-24,0.0019433440466403162,-0.0019433440466403162,0.0
2020-09-25,0.013427825438269148,-0.013427825438269148,0.0
2020-09-28,0.015458225984541718,-0.015458225984541718,0.0
2020-09-29,-0.005364262413917964,0.005364262413917964,0.0
2020-09-30,0.01122367174404193,-0.01122367174404193,0.0
2020-10-01,0.0023063063063062383,-0.0023063063063062383,0.0
2020-10-02,-0.0048177176961241575,0.0048177176961241575,0.0
2020-10-05,0.017015895953757187,-0.017015895953757187,0.0
2020-10-06,-0.013463109658626515,0.013463109658626515,0.0
2020-10-07,0.01872389457007051,-0.01872389457007051,0.0
2020-10-08,0.004842358263820179,-0.004842358263820179,0.0
2020-10-09,0.005768757254915657,-0.005768757254915657,0.0
2020-10-12,0.008848319518763192,-0.008848319518763192,0.0
2020-10-13,-0.005962698467725014,0.005962698467725014,0.0
2020-10-14,-0.0056148427146544,0.0056148427146544,0.0
2020-10-15,-0.00031564549503726447,0.00031564549503726447,0.0
2020-10-16,0.0032626999719338468,-0.0032626999719338468,0.0
2020-10-19,-0.01377766898625754,0.01377766898625754,0.0
2020-10-20,0.003262064319398794,-0.003262064319398794,0.0
2020-10-21,-0.0034635094539670064,0.0034635094539670064,0.0
2020-10-22,0.005958080646877084,-0.005958080646877084,0.0
2020-10-23,-0.0010928961748634114,0.0010928961748634114,0.0
2020-10-26,-0.022375944095432976,0.022375944095432976,0.0
2020-10-27,-0.008447653429602853,0.008447653429602853,0.0
2020-10-28,-0.03342314133838198,0.03342314133838198,0.0
2020-10-29,0.0041811059213499036,-0.0041811059213499036,0.0
2020-10-30,-0.0057391500056265254,0.0057391500056265254,0.0
2020-11-02,0.015619105108277243,-0.015619105108277243,0.0
2020-11-03,0.020245170876671548,-0.020245170876671548,0.0
2020-11-04,0.014054250864736995,-0.014054250864736995,0.0
2020-11-05,0.019388890883630827,-0.019388890883630827,0.0
2020-11-06,-0.002430347645380526,0.002430347645380526,0.0
2020-11-09,0.03001200480192079,-0.03001200480192079,0.0
2020-11-10,0.009563965446318212,-0.009563965446318212,0.0
2020-11-11,-0.001358188176971864,0.001358188176971864,0.0
2020-11-12,-0.01040427051103332,0.01040427051103332,0.0
2020-11-13,0.014086926644906184,-0.014086926644906184,0.0
2020-11-16,0.0163645603930207,-0.0163645603930207,0.0
2020-11-17,-0.005567037802520214,0.005567037802520214,0.0
2020-11-18,-0.011900372096141587,0.011900372096141587,0.0
2020-11-19,0.0019337766318361371,-0.0019337766318361371,0.0
2020-11-20,-0.009480919649206054,0.009480919649206054,0.0
2020-11-23,0.011486001435750293,-0.011486001435750293,0.0
2020-11-24,0.015343539828990505,-0.015343539828990505,0.0
2020-11-25,-0.005625270445694497,0.005625270445694497,0.0
2020-11-27,0.001673696190667373,-0.001673696190667373,0.0
2020-11-30,-0.008755513968720763,0.008755513968720763,0.0
2020-12-01,0.006135796642168456,-0.006135796642168456,0.0
2020-12-02,0.0024795603806460065,-0.0024795603806460065,0.0
2020-12-03,0.002941373086436272,-0.002941373086436272,0.0
2020-12-04,0.008431647003932508,-0.008431647003932508,0.0
2020-12-07,-0.004924154796919766,0.004924154796919766,0.0
2020-12-08,0.0036532713384256343,-0.0036532713384256343,0.0
2020-12-09,-0.004367968232958264,0.004367968232958264,0.0
2020-12-10,-0.001130018612071182,0.001130018612071182,0.0
2020-12-11,0.001297664204432003,-0.001297664204432003,0.0
2020-12-14,-0.006081148439836426,0.006081148439836426,0.0
2020-12-15,0.01176863925108651,-0.01176863925108651,0.0
2020-12-16,-0.0015531029013284847,0.0015531029013284847,0.0
2020-12-17,0.004434883336091433,-0.004434883336091433,0.0
2020-12-18,-0.005239052357573715,0.005239052357573715,0.0
2020-12-21,0.0007949652202716706,-0.0007949652202716706,0.0
2020-12-22,-0.0068511286158734475,0.0068511286158734475,0.0
2020-12-23,0.004032392441763566,-0.004032392441763566,0.0
2020-12-24,0.0024561869357409005,-0.0024561869357409005,0.0
2020-12-28,0.00655585722799823,-0.00655585722799823,0.0
2020-12-29,-0.0017763157894737924,0.0017763157894737924,0.0
2020-12-30,0.002207869241415805,-0.002207869241415805,0.0
2020-12-31,0.005458192220432201,-0.005458192220432201,0.0
2021-01-04,-0.01134765688871453,0.01134765688871453,0.0
2021-01-05,0.005027785128340678,-0.005027785128340678,0.0
2021-01-06,0.014382569773565113,-0.014382569773565113,0.0
2021-01-07,0.007429999026637768,-0.007429999026637768,0.0
2021-01-08,0.0017391304347826875,-0.0017391304347826875,0.0
2021-01-11,-0.0027970679012345734,0.0027970679012345734,0.0
2021-01-12,0.0018377019054067745,-0.0018377019054067745,0.0
2021-01-13,-0.00035399369247601786,0.00035399369247601786,0.0
2021-01-14,-0.0018671731642145861,0.0018671731642145861,0.0
2021-01-15,-0.006224802451217593,0.006224802451217593,0.0
2021-01-19,0.0038945865247306255,-0.0038945865247306255,0.0
2021-01-20,0.007920600025863145,-0.007920600025863145,0.0
2021-01-21,0.00032074927029546174,-0.00032074927029546174,0.0
2021-01-22,-0.006092282040593755,0.006092282040593755,0.0
2021-01-25,-0.0010323579701263519,0.0010323579701263519,0.0
2021-01-26,-0.0008396576780235199,0.0008396576780235199,0.0
2021-01-27,-0.019813180775073547,0.019813180775073547,0.0
2021-01-28,0.009265976389896569,-0.009265976389896569,0.0
2021-01-29,-0.02045283758617311,0.02045283758617311,0.0
2021-02-01,0.007371335178946614,-0.007371335178946614,0.0
2021-02-02,0.015892987219389587,-0.015892987219389587,0.0
2021-02-03,0.0014340655759077503,-0.0014340655759077503,0.0
2021-02-04,0.011098092820412742,-0.011098092820412742,0.0
2021-02-05,0.0028003991373484194,-0.0028003991373484194,0.0
2021-02-08,0.007543172626307992,-0.007543172626307992,0.0
2021-02-09,9.55748829207792e-05,-9.55748829207792e-05,0.0
2021-02-10,0.0018476044852191453,-0.0018476044852191453,0.0
2021-02-11,0.0005723370429253638,-0.0005723370429253638,0.0
2021-02-12,0.0011440193212153282,-0.0011440193212153282,0.0
2021-02-16,0.001714068054849971,-0.001714068054849971,0.0
2021-02-17,0.0032321439888460812,-0.0032321439888460812,0.0
2021-02-18,-0.003284902084649488,0.003284902084649488,0.0
2021-02-19,-0.0020281404487260124,0.0020281404487260124,0.0
2021-02-22,0.0009208687920740921,-0.0009208687920740921,0.0
2021-02-23,0.000571047872846675,-0.000571047872846675,0.0
2021-02-24,0.013126605155521665,-0.013126605155521665,0.0
2021-02-25,-0.017369261102243794,0.017369261102243794,0.0
2021-02-26,-0.014427670552264571,0.014427670552264571,0.0
2021-03-01,0.019841654548392373,-0.019841654548392373,0.0
2021-03-02,-0.004436135492252524,0.004436135492252524,0.0
2021-03-03,-0.003819344982335493,0.003819344982335493,0.0
2021-03-04,-0.010894916770503915,0.010894916770503915,0.0
2021-03-05,0.018282834808450277,-0.018282834808450277,0.0
2021-03-08,0.009548280675041099,-0.009548280675041099,0.0
2021-03-09,0.00113118617439123,-0.00113118617439123,0.0
2021-03-10,0.014814349832082963,-0.014814349832082963,0.0
2021-03-11,0.006185630779698803,-0.006185630779698803,0.0
2021-03-12,0.009159929917314846,-0.009159929917314846,0.0
2021-03-15,0.005421705095793428,-0.005421705095793428,0.0
2021-03-16,-0.0037262564755066174,0.0037262564755066174,0.0
2021-03-17,0.00580794258955164,-0.00580794258955164,0.0
2021-03-18,-0.004262780784230591,0.004262780784230591,0.0
2021-03-19,-0.010171241195044978,0.010171241195044978,0.0
2021-03-22,0.0037728904021350207,-0.0037728904021350207,0.0
2021-03-23,-0.009717638430509767,0.009717638430509767,0.0
2021-03-24,6.171696599399645e-05,-6.171696599399645e-05,0.0
2021-03-25,0.006510738089360757,-0.006510738089360757,0.0
2021-03-26,0.013550384745087296,-0.013550384745087296,0.0
2021-03-29,0.003175947491001585,-0.003175947491001585,0.0
2021-03-30,-0.002532714225411681,0.002532714225411681,0.0
2021-03-31,-0.0019345867843539866,0.0019345867843539866,0.0
2021-04-01,0.0038463868193105988,-0.0038463868193105988,0.0
2021-04-05,0.011313923668728298,-0.011313923668728298,0.0
2021-04-06,-0.0024761336515513044,0.0024761336515513044,0.0
2021-04-07,0.0,-0.0,0.0
2021-04-08,0.0022729311840177235,-0.0022729311840177235,0.0
2021-04-09,0.008146092561095664,-0.008146092561095664,0.0
2021-04-12,-0.0009175398093884679,0.0009175398093884679,0.0
2021-04-13,-0.0022515182935861633,0.0022515182935861633,0.0
2021-04-14,0.002197214881676901,-0.002197214881676901,0.0
2021-04-15,0.008621455870589267,-0.008621455870589267,0.0
2021-04-16,0.004171072729409087,-0.004171072729409087,0.0
2021-04-19,-0.003246943193120022,0.003246943193120022,0.0
2021-04-20,-0.007718268525311767,0.007718268525311767,0.0
2021-04-21,0.009404944989944486,-0.009404944989944486,0.0
2021-04-22,-0.009317316144154764,0.009317316144154764,0.0
2021-04-23,0.006831894002129468,-0.006831894002129468,0.0
2021-04-26,-0.001644978409658382,0.001644978409658382,0.0
2021-04-27,-0.00011769205872835808,0.00011769205872835808,0.0
2021-04-28,-0.0042962657799486825,0.0042962657799486825,0.0
2021-04-29,0.0065017584301207965,-0.0065017584301207965,0.0
2021-04-30,-0.004786093901400612,0.004786093901400612,0.0
2021-05-03,0.006402313093762935,-0.006402313093762935,0.0
2021-05-04,0.0011140101433555483,-0.0011140101433555483,0.0
2021-05-05,0.0023133913145332308,-0.0023133913145332308,0.0
2021-05-06,0.009436718476101502,-0.009436718476101502,0.0
2021-05-07,0.006859425197534019,-0.006859425197534019,0.0
2021-05-10,-0.00040243762216851664,0.00040243762216851664,0.0
2021-05-11,-0.013889687697705155,0.013889687697705155,0.0
2021-05-12,-0.020151060044909852,0.020151060044909852,0.0
2021-05-13,0.013244047619047628,-0.013244047619047628,0.0
2021-05-14,0.011191070641797696,-0.011191070641797696,0.0
2021-05-17,-0.0017719165746820087,0.0017719165746820087,0.0
2021-05-18,-0.007391241088316458,0.007391241088316458,0.0
2021-05-19,-0.004895781419483547,0.004895781419483547,0.0
2021-05-20,0.006127739806740529,-0.006127739806740529,0.0
2021-05-21,0.0015226048254861624,-0.0015226048254861624,0.0
2021-05-24,0.005613378552215886,-0.005613378552215886,0.0
2021-05-25,-0.0022677055471566065,0.0022677055471566065,0.0
2021-05-26,0.00026225304504912117,-0.00026225304504912117,0.0
2021-05-27,0.003874501121566176,-0.003874501121566176,0.0
2021-05-28,0.003017991874637138,-0.003017991874637138,0.0
2021-06-01,0.0006654322416388414,-0.0006654322416388414,0.0
2021-06-02,0.001416717263711842,-0.001416717263711842,0.0
2021-06-03,-0.0009816376024945894,0.0009816376024945894,0.0
2021-06-04,0.00543321195306623,-0.00543321195306623,0.0
2021-06-07,-0.00376544984190863,0.00376544984190863,0.0
2021-06-08,-0.0007213133673793504,0.0007213133673793504,0.0
2021-06-09,-0.004475371022694352,0.004475371022694352,0.0
2021-06-10,0.0005510600655471709,-0.0005510600655471709,0.0
2021-06-11,0.00040582062728278245,-0.00040582062728278245,0.0
2021-06-14,-0.0023759851645803742,0.0023759851645803742,0.0
2021-06-15,-0.0025849549811211014,0.0025849549811211014,0.0
2021-06-16,-0.007716723450103435,0.007716723450103435,0.0
2021-06-17,-0.006192041319403763,0.006192041319403763,0.0
2021-06-18,-0.016802007972833266,0.016802007972833266,0.0
2021-06-21,0.017479577126381596,-0.017479577126381596,0.0
2021-06-22,0.0019776846330952225,-0.0019776846330952225,0.0
2021-06-23,-0.00197378111651203,0.00197378111651203,0.0
2021-06-24,0.009445657949111563,-0.009445657949111563,0.0
2021-06-25,0.0072226445990992705,-0.0072226445990992705,0.0
2021-06-28,-0.00479024531862382,0.00479024531862382,0.0
2021-06-29,0.00017502917152856234,-0.00017502917152856234,0.0
2021-06-30,0.006095782535145533,-0.006095782535145533,0.0
2021-07-01,0.004087548920133521,-0.004087548920133521,0.0
2021-07-02,0.004561727682180328,-0.004561727682180328,0.0
2021-07-06,-0.006093004541012803,0.006093004541012803,0.0
2021-07-07,0.003180845526574494,-0.003180845526574494,0.0
2021-07-08,-0.007321572696875389,0.007321572696875389,0.0
2021-07-09,0.012631395551425895,-0.012631395551425895,0.0
2021-07-12,0.0037278123476613967,-0.0037278123476613967,0.0
2021-07-13,-0.0029426049195782067,0.0029426049195782067,0.0
2021-07-14,0.0011747851002865684,-0.0011747851002865684,0.0
2021-07-15,0.0015168426776566157,-0.0015168426776566157,0.0
2021-07-16,-0.009144424758530056,0.009144424758530056,0.0
2021-07-19,-0.019784276403068568,0.019784276403068568,0.0
2021-07-20,0.015299517476756508,-0.015299517476756508,0.0
2021-07-21,0.008432827170511192,-0.008432827170511192,0.0
2021-07-22,0.0007758843644931623,-0.0007758843644931623,0.0
2021-07-23,0.006632975363234372,-0.006632975363234372,0.0
2021-07-26,0.0023960977836097186,-0.0023960977836097186,0.0
2021-07-27,-0.0022480862809823865,0.0022480862809823865,0.0
2021-07-28,-0.0035936341338200783,0.0035936341338200783,0.0
2021-07-29,0.004179070299977106,-0.004179070299977106,0.0
2021-07-30,-0.003819622598483452,0.003819622598483452,0.0
2021-08-02,-0.0032333753004463173,0.0032333753004463173,0.0
2021-08-03,0.007865652361130904,-0.007865652361130904,0.0
2021-08-04,-0.008829644820416371,0.008829644820416371,0.0
2021-08-05,0.0075289519813788175,-0.0075289519813788175,0.0
2021-08-06,0.004221214454807276,-0.004221214454807276,0.0
2021-08-09,-0.002669771933312526,0.002669771933312526,0.0
2021-08-10,0.0044995016374769214,-0.0044995016374769214,0.0
2021-08-11,0.006265415473591718,-0.006265415473591718,0.0
2021-08-12,0.0008170394996338537,-0.0008170394996338537,0.0
2021-08-13,0.0004504124088617889,-0.0004504124088617889,0.0
2021-08-16,0.0033202960128309034,-0.0033202960128309034,0.0
2021-08-17,-0.007684325658356084,0.007684325658356084,0.0
2021-08-18,-0.010485261283667224,0.010485261283667224,0.0
2021-08-19,-0.0018279447046726238,0.0018279447046726238,0.0
2021-08-20,0.004807142039601642,-0.004807142039601642,0.0
2021-08-23,0.00652124387743469,-0.00652124387743469,0.0
2021-08-24,0.0008204838025180905,-0.0008204838025180905,0.0
2021-08-25,0.0012438514162944614,-0.0012438514162944614,0.0
2021-08-26,-0.005703314698740747,0.005703314698740747,0.0
2021-08-27,0.00684348023625625,-0.00684348023625625,0.0
2021-08-30,-0.001381955608201535,0.001381955608201535,0.0
2021-08-31,-0.0004518752824219652,0.0004518752824219652,0.0
2021-09-01,-0.0010454339963833492,0.0010454339963833492,0.0
2021-09-02,0.0037335596096732537,-0.0037335596096732537,0.0
2021-09-03,-0.002057091329219163,0.002057091329219163,0.0
2021-09-07,-0.007624103461907672,0.007624103461907672,0.0
2021-09-08,-0.00202025950375595,0.00202025950375595,0.0
2021-09-09,-0.004048698428991027,0.004048698428991027,0.0
2021-09-10,-0.007471873121296269,0.007471873121296269,0.0
2021-09-13,0.0074992789154890716,-0.0074992789154890716,0.0
2021-09-14,-0.008101918121958152,0.008101918121958152,0.0
2021-09-15,0.006782694028342862,-0.006782694028342862,0.0
2021-09-16,-0.0018347571813542851,0.0018347571813542851,0.0
2021-09-17,-0.0072950772588891155,0.0072950772588891155,0.0
2021-09-20,-0.018053466034023913,0.018053466034023913,0.0
2021-09-21,-0.000854449027695825,0.000854449027695825,0.0
2021-09-22,0.009996756214797564,-0.009996756214797564,0.0
2021-09-23,0.01477372262773713,-0.01477372262773713,0.0
2021-09-24,0.0008919323282310376,-0.0008919323282310376,0.0
2021-09-27,0.002127231437031085,-0.002127231437031085,0.0
2021-09-28,-0.01632196437279476,0.01632196437279476,0.0
2021-09-29,0.002478712236089864,-0.002478712236089864,0.0
2021-09-30,-0.01594089071181304,0.01594089071181304,0.0
2021-10-01,0.014455053356587477,-0.014455053356587477,0.0
2021-10-04,-0.009237135031179067,0.009237135031179067,0.0
2021-10-05,0.009176200699979375,-0.009176200699979375,0.0
2021-10-06,0.0028852038585958084,-0.0028852038585958084,0.0
2021-10-07,0.010199930256887146,-0.010199930256887146,0.0
2021-10-08,-0.00028766216954811963,0.00028766216954811963,0.0
2021-10-11,-0.007337496043506864,0.007337496043506864,0.0
2021-10-12,-0.0034784625195665164,0.0034784625195665164,0.0
2021-10-13,0.0003199720751643209,-0.0003199720751643209,0.0
2021-10-14,0.015237430573729949,-0.015237430573729949,0.0
2021-10-15,0.010655056855612521,-0.010655056855612521,0.0
2021-10-18,-0.0009919229134193186,0.0009919229134193186,0.0
2021-10-19,0.005560283687943146,-0.005560283687943146,0.0
2021-10-20,0.004429272696496067,-0.004429272696496067,0.0
2021-10-21,-0.00019661264500181463,0.00019661264500181463,0.0
2021-10-22,0.002191257444656758,-0.002191257444656758,0.0
2021-10-25,0.002270561193025822,-0.002270561193025822,0.0
2021-10-26,-0.00013984058173688307,0.00013984058173688307,0.0
2021-10-27,-0.00704895104895098,0.00704895104895098,0.0
2021-10-28,0.006535579469265862,-0.006535579469265862,0.0
2021-10-29,0.0026028547439127525,-0.0026028547439127525,0.0
2021-11-01,0.0025123523992964802,-0.0025123523992964802,0.0
2021-11-02,0.004009690084370465,-0.004009690084370465,0.0
2021-11-03,0.0027456527165321543,-0.0027456527165321543,0.0
2021-11-04,-0.0005808164619979239,0.0005808164619979239,0.0
2021-11-05,0.005396430053964174,-0.005396430053964174,0.0
2021-11-08,0.002807597027250086,-0.002807597027250086,0.0
2021-11-09,-0.002854633289415931,0.002854633289415931,0.0
2021-11-10,-0.006083461792556699,0.006083461792556699,0.0
2021-11-11,-0.004458969174952254,0.004458969174952254,0.0
2021-11-12,0.005063150280977036,-0.005063150280977036,0.0
2021-11-15,-0.0001107174490698748,0.0001107174490698748,0.0
2021-11-16,0.0019100874764699238,-0.0019100874764699238,0.0
2021-11-17,-0.005746967645677281,0.005746967645677281,0.0
2021-11-18,-0.0013894678338196575,0.0013894678338196575,0.0
2021-11-19,-0.009572839849728676,0.009572839849728676,0.0
2021-11-22,0.0008148127335561028,-0.0008148127335561028,0.0
2021-11-23,0.005109489051094762,-0.005109489051094762,0.0
2021-11-24,2.793140048029663e-05,-2.793140048029663e-05,0.0
2021-11-26,-0.02516548892550896,0.02516548892550896,0.0
2021-11-29,0.0062174087444846204,-0.0062174087444846204,0.0
2021-11-30,-0.017910532760044506,0.017910532760044506,0.0
2021-12-01,-0.012873296607712414,0.012873296607712414,0.0
2021-12-02,0.018063796040650892,-0.018063796040650892,0.0
2021-12-03,-0.0010674821845878535,0.0010674821845878535,0.0
2021-12-06,0.019004158964879725,-0.019004158964879725,0.0
2021-12-07,0.01394478771044727,-0.01394478771044727,0.0
2021-12-08,0.000698831553642254,-0.000698831553642254,0.0
2021-12-09,0.0003352048939915253,-0.0003352048939915253,0.0
2021-12-10,0.005919968724693581,-0.005919968724693581,0.0
2021-12-13,-0.008855453460289264,0.008855453460289264,0.0
2021-12-14,-0.002436701770109795,0.002436701770109795,0.0
2021-12-15,0.01021983884100286,-0.01021983884100286,0.0
2021-12-16,-0.0010283205024874675,0.0010283205024874675,0.0
2021-12-17,-0.016164032940129136,0.016164032940129136,0.0
2021-12-20,-0.012329270706670892,0.012329270706670892,0.0
2021-12-21,0.01614796575715083,-0.01614796575715083,0.0
2021-12-22,0.0069876870192442375,-0.0069876870192442375,0.0
2021-12-23,0.005512185567587258,-0.005512185567587258,0.0
2021-12-27,0.009906500445235888,-0.009906500445235888,0.0
2021-12-28,0.002948308167089131,-0.002948308167089131,0.0
2021-12-29,0.002335228989807314,-0.002335228989807314,0.0
2021-12-30,-0.002110514198004565,0.002110514198004565,0.0
2021-12-31,-0.002060043398247613,0.002060043398247613,0.0
2022-01-03,0.0064956512165583735,-0.0064956512165583735,0.0
2022-01-04,0.005988842704003572,-0.005988842704003572,0.0
2022-01-05,-0.010275369016228608,0.010275369016228608,0.0
2022-01-06,-0.0046691752039330625,0.0046691752039330625,0.0
2022-01-07,-0.0002207566433951591,0.0002207566433951591,0.0
2022-01-10,-0.004195302365377684,0.004195302365377684,0.0
2022-01-11,0.0048504670306825926,-0.0048504670306825926,0.0
2022-01-12,0.0011309096927234474,-0.0011309096927234474,0.0
2022-01-13,-0.004821600771456103,0.004821600771456103,0.0
2022-01-14,-0.005703211517165019,0.005703211517165019,0.0
2022-01-18,-0.014729631898423912,0.014729631898423912,0.0
2022-01-19,-0.009891196834816984,0.009891196834816984,0.0
2022-01-20,-0.00861995147709449,0.00861995147709449,0.0
2022-01-21,-0.014337949500474956,0.014337949500474956,0.0
2022-01-24,0.0042646414488096696,-0.0042646414488096696,0.0
2022-01-25,-0.002472295744742836,0.002472295744742836,0.0
2022-01-26,-0.004373687893631906,0.004373687893631906,0.0
2022-01-27,0.00026357406431221087,-0.00026357406431221087,0.0
2022-01-28,0.01627872932220753,-0.01627872932220753,0.0
2022-01-31,0.01143729653423975,-0.01143729653423975,0.0
2022-02-01,0.008146291443545728,-0.008146291443545728,0.0
2022-02-02,0.005904955642199061,-0.005904955642199061,0.0
2022-02-03,-0.014184197960845912,0.014184197960845912,0.0
2022-02-04,-0.00031340817140579347,0.00031340817140579347,0.0
2022-02-07,8.550175278587702e-05,-8.550175278587702e-05,0.0
2022-02-08,0.010373325733827432,-0.010373325733827432,0.0
2022-02-09,0.008828340948835,-0.008828340948835,0.0
2022-02-10,-0.014314871250034944,0.014314871250034944,0.0
2022-02-11,-0.014919869522053597,0.014919869522053597,0.0
2022-02-14,-0.004031213107201559,0.004031213107201559,0.0
2022-02-15,0.012518430714967277,-0.012518430714967277,0.0
2022-02-16,-0.0015704414368111763,0.0015704414368111763,0.0
2022-02-17,-0.017130437269425536,0.017130437269425536,0.0
2022-02-18,-0.007856145251396662,0.007856145251396662,0.0
2022-02-22,-0.014575634934600346,0.014575634934600346,0.0
2022-02-23,-0.013362697538763735,0.013362697538763735,0.0
2022-02-24,0.002473455598455576,-0.002473455598455576,0.0
2022-02-25,0.024673527110790294,-0.024673527110790294,0.0
2022-02-28,-0.0035238151171670395,0.0035238151171670395,0.0
2022-03-01,-0.018211822950433,0.018211822950433,0.0
2022-03-02,0.017529115139872653,-0.017529115139872653,0.0
2022-03-03,-0.0025663716814159354,0.0025663716814159354,0.0
2022-03-04,-0.00490935439032314,0.00490935439032314,0.0
2022-03-07,-0.023776265343121272,0.023776265343121272,0.0
2022-03-08,-0.005906171035406693,0.005906171035406693,0.0
2022-03-09,0.021039414448902116,-0.021039414448902116,0.0
2022-03-10,-0.0038692261547689233,0.0038692261547689233,0.0
2022-03-11,-0.006293095661076276,0.006293095661076276,0.0
2022-03-14,0.00015150596933533045,-0.00015150596933533045,0.0
2022-03-15,0.018541521495440305,-0.018541521495440305,0.0
2022-03-16,0.01537820875100393,-0.01537820875100393,0.0
2022-03-17,0.011981485821420224,-0.011981485821420224,0.0
2022-03-18,0.005036908380373406,-0.005036908380373406,0.0
2022-03-21,-0.005040467755407674,0.005040467755407674,0.0
2022-03-22,0.007816118573413577,-0.007816118573413577,0.0
2022-03-23,-0.013586488194404445,0.013586488194404445,0.0
2022-03-24,0.010628694563349805,-0.010628694563349805,0.0
2022-03-25,0.004264392324093924,-0.004264392324093924,0.0
2022-03-28,0.0027256555918975245,-0.0027256555918975245,0.0
2022-03-29,0.009957366448253291,-0.009957366448253291,0.0
2022-03-30,-0.0024081366688387673,0.0024081366688387673,0.0
2022-03-31,-0.015023287515619765,0.015023287515619765,0.0
2022-04-01,0.0034022431738891523,-0.0034022431738891523,0.0
2022-04-04,0.0035343811959427374,-0.0035343811959427374,0.0
2022-04-05,-0.00830374527545541,0.00830374527545541,0.0
2022-04-06,-0.004590864468441369,0.004590864468441369,0.0
2022-04-07,0.003538796229151542,-0.003538796229151542,0.0
2022-04-08,0.004046593635286255,-0.004046593635286255,0.0
2022-04-11,-0.012004490888677832,0.012004490888677832,0.0
2022-04-12,-0.002855477855477795,0.002855477855477795,0.0
2022-04-13,0.01034422301443505,-0.01034422301443505,0.0
2022-04-14,-0.0042515039333640425,0.0042515039333640425,0.0
2022-04-18,-0.000551860350286093,0.000551860350286093,0.0
2022-04-19,0.014588782330717809,-0.014588782330717809,0.0
2022-04-20,0.006903070577451764,-0.006903070577451764,0.0
2022-04-21,-0.010866782351435123,0.010866782351435123,0.0
2022-04-22,-0.02714906099910841,0.02714906099910841,0.0
2022-04-25,0.006769740148402148,-0.006769740148402148,0.0
2022-04-26,-0.023813718581160437,0.023813718581160437,0.0
2022-04-27,0.0017446232516167282,-0.0017446232516167282,0.0
2022-04-28,0.018797105365883082,-0.018797105365883082,0.0
2022-04-29,-0.028294379439417705,0.028294379439417705,0.0
2022-05-02,0.003184809973004965,-0.003184809973004965,0.0
2022-05-03,0.001541996734595097,-0.001541996734595097,0.0
2022-05-04,0.02819622641509434,-0.02819622641509434,0.0
2022-05-05,-0.030388443583193814,0.030388443583193814,0.0
2022-05-06,-0.003542877906976827,0.003542877906976827,0.0
2022-05-09,-0.01966147020390785,0.01966147020390785,0.0
2022-05-10,-0.0023868567885928504,0.0023868567885928504,0.0
2022-05-11,-0.010471366870708154,0.010471366870708154,0.0
2022-05-12,-0.0025748916661433308,0.0025748916661433308,0.0
2022-05-13,0.014450321118247178,-0.014450321118247178,0.0
2022-05-16,0.001706855351767178,-0.001706855351767178,0.0
2022-05-17,0.013383728855567378,-0.013383728855567378,0.0
2022-05-18,-0.035310302659737114,0.035310302659737114,0.0
2022-05-19,-0.0075106956108382805,0.0075106956108382805,0.0
2022-05-20,-0.002426719458458404,0.002426719458458404,0.0
2022-05-23,0.02054926061071627,-0.02054926061071627,0.0
2022-05-24,0.001725003136369363,-0.001725003136369363,0.0
2022-05-25,0.005917530292119277,-0.005917530292119277,0.0
2022-05-26,0.0160918824701195,-0.0160918824701195,0.0
2022-05-27,0.017215500076581458,-0.017215500076581458,0.0
2022-05-31,-0.00563134278917099,0.00563134278917099,0.0
2022-06-01,-0.005572380375529873,0.005572380375529873,0.0
2022-06-02,0.01343038128882923,-0.01343038128882923,0.0
2022-06-03,-0.01027736875319274,0.01027736875319274,0.0
2022-06-06,0.00030362835888864126,-0.00030362835888864126,0.0
2022-06-07,0.008256184550007761,-0.008256184550007761,0.0
2022-06-08,-0.008399313604479652,0.008399313604479652,0.0
2022-06-09,-0.01936972493776179,0.01936972493776179,0.0
2022-06-10,-0.02671826625386997,0.02671826625386997,0.0
2022-06-13,-0.02796068327130463,0.02796068327130463,0.0
2022-06-14,-0.004188755808626099,0.004188755808626099,0.0
2022-06-15,0.009628655931646524,-0.009628655931646524,0.0
2022-06-16,-0.023858347166617944,0.023858347166617944,0.0
2022-06-17,-0.003934644881627092,0.003934644881627092,0.0
2022-06-21,0.021993840385645447,-0.021993840385645447,0.0
2022-06-22,-0.002227390350158842,0.002227390350158842,0.0
2022-06-23,0.006992547848067909,-0.006992547848067909,0.0
2022-06-24,0.02699354502184259,-0.02699354502184259,0.0
2022-06-27,-0.002095105072693726,0.002095105072693726,0.0
2022-06-28,-0.015968952792976276,0.015968952792976276,0.0
2022-06-29,0.002295209154975275,-0.002295209154975275,0.0
2022-06-30,-0.007192388324463894,0.007192388324463894,0.0
2022-07-01,0.009843414982782184,-0.009843414982782184,0.0
2022-07-05,-0.0036673636802317944,0.0036673636802317944,0.0
2022-07-06,0.0022601788770140185,-0.0022601788770140185,0.0
2022-07-07,0.01140427176959502,-0.01140427176959502,0.0
2022-07-08,-0.0015607580824972267,0.0015607580824972267,0.0
2022-07-11,-0.005614751483442815,0.005614751483442815,0.0
2022-07-12,-0.005550208533846579,0.005550208533846579,0.0
2022-07-13,-0.007161983417750206,0.007161983417750206,0.0
2022-07-14,-0.004386677497969171,0.004386677497969171,0.0
2022-07-15,0.020430809399478056,-0.020430809399478056,0.0
2022-07-18,-0.006428708501247549,0.006428708501247549,0.0
2022-07-19,0.024014163849992,-0.024014163849992,0.0
2022-07-20,0.0019804470151834064,-0.0019804470151834064,0.0
2022-07-21,0.005239380058982279,-0.005239380058982279,0.0
2022-07-22,-0.0042133516432072415,0.0042133516432072415,0.0
2022-07-25,0.0028207860590483413,-0.0028207860590483413,0.0
2022-07-26,-0.007563445430678661,0.007563445430678661,0.0
2022-07-27,0.014076966681362935,-0.014076966681362935,0.0
2022-07-28,0.009999689450638227,-0.009999689450638227,0.0
2022-07-29,0.010546382560034484,-0.010546382560034484,0.0
2022-08-01,-0.0018864480009737061,0.0018864480009737061,0.0
2022-08-02,-0.012193634922570418,0.012193634922570418,0.0
2022-08-03,0.012714479693864966,-0.012714479693864966,0.0
2022-08-04,-0.0024378352023403105,0.0024378352023403105,0.0
2022-08-05,0.001863391984359808,-0.001863391984359808,0.0
2022-08-08,0.0013720767143337032,-0.0013720767143337032,0.0
2022-08-09,-0.0015528895925948083,0.0015528895925948083,0.0
2022-08-10,0.01613247537434037,-0.01613247537434037,0.0
2022-08-11,0.001530612244897922,-0.001530612244897922,0.0
2022-08-12,0.012346048964669842,-0.012346048964669842,0.0
2022-08-15,0.004558505757333631,-0.004558505757333631,0.0
2022-08-16,0.006983528302442865,-0.006983528302442865,0.0
2022-08-17,-0.004506349856616243,0.004506349856616243,0.0
2022-08-18,0.0011169900058789484,-0.0011169900058789484,0.0
2022-08-19,-0.010394033707205264,0.010394033707205264,0.0
2022-08-22,-0.018632803228103567,0.018632803228103567,0.0
2022-08-23,-0.004988511307292276,0.004988511307292276,0.0
2022-08-24,0.0022788733250280746,-0.0022788733250280746,0.0
2022-08-25,0.009973928333232074,-0.009973928333232074,0.0
2022-08-26,-0.030676872279753797,0.030676872279753797,0.0
2022-08-29,-0.005666862787600979,0.005666862787600979,0.0
2022-08-30,-0.00952974151354724,0.00952974151354724,0.0
2022-08-31,-0.00751477801534417,0.00751477801534417,0.0
2022-09-01,0.00446697291303666,-0.00446697291303666,0.0
2022-09-02,-0.010408124645177597,0.010408124645177597,0.0
2022-09-06,-0.00497195308516063,0.00497195308516063,0.0
2022-09-07,0.013228699551569578,-0.013228699551569578,0.0
2022-09-08,0.006037998292921953,-0.006037998292921953,0.0
2022-09-09,0.012694821518350885,-0.012694821518350885,0.0
2022-09-12,0.0071056224401142565,-0.0071056224401142565,0.0
2022-09-13,-0.03956003327479429,0.03956003327479429,0.0
2022-09-14,0.0010586084111250393,-0.0010586084111250393,0.0
2022-09-15,-0.005447670319810305,0.005447670319810305,0.0
2022-09-16,-0.007442969454826698,0.007442969454826698,0.0
2022-09-19,0.006817075150137963,-0.006817075150137963,0.0
2022-09-20,-0.01009189102047392,0.01009189102047392,0.0
2022-09-21,-0.016969578529085982,0.016969578529085982,0.0
2022-09-22,-0.004274212252741827,0.004274212252741827,0.0
2022-09-23,-0.015506455477172776,0.015506455477172776,0.0
2022-09-26,-0.010613127830730651,0.010613127830730651,0.0
2022-09-27,-0.004851052200054662,0.004851052200054662,0.0
2022-09-28,0.018640576725025726,-0.018640576725025726,0.0
2022-09-29,-0.015232703130792391,0.015232703130792391,0.0
2022-09-30,-0.016802984155230738,0.016802984155230738,0.0
2022-10-03,0.026070309780717116,-0.026070309780717116,0.0
2022-10-04,0.028325248481970045,-0.028325248481970045,0.0
2022-10-05,-0.0011545820413009222,0.0011545820413009222,0.0
2022-10-06,-0.01175732355758119,0.01175732355758119,0.0
2022-10-07,-0.02092036226314198,0.02092036226314198,0.0
2022-10-10,-0.003447451957538483,0.003447451957538483,0.0
2022-10-11,0.001130291820797602,-0.001130291820797602,0.0
2022-10-12,-0.00044476376201718626,0.00044476376201718626,0.0
2022-10-13,0.02875136911281473,-0.02875136911281473,0.0
2022-10-14,-0.012443438914027216,0.012443438914027216,0.0
2022-10-17,0.017653796913954523,-0.017653796913954523,0.0
2022-10-18,0.011289147851420323,-0.011289147851420323,0.0
2022-10-19,-0.0036664811601794245,0.0036664811601794245,0.0
2022-10-20,-0.003417118449154044,0.003417118449154044,0.0
2022-10-21,0.024957963799413063,-0.024957963799413063,0.0
2022-10-24,0.01341353576942872,-0.01341353576942872,0.0
2022-10-25,0.010918901761625133,-0.010918901761625133,0.0
2022-10-26,-0.00034537976074611176,0.00034537976074611176,0.0
2022-10-27,0.006533073685532909,-0.006533073685532909,0.0
2022-10-28,0.025338575797291485,-0.025338575797291485,0.0
2022-10-31,-0.0035303426867123733,0.0035303426867123733,0.0
2022-11-01,-0.003084722985767452,0.003084722985767452,0.0
2022-11-02,-0.015471339726111366,0.015471339726111366,0.0
2022-11-03,-0.004636544685088451,0.004636544685088451,0.0
2022-11-04,0.013349173101572465,-0.013349173101572465,0.0
2022-11-07,0.01320417103720617,-0.01320417103720617,0.0
2022-11-08,0.010017660313013765,-0.010017660313013765,0.0
2022-11-09,-0.019203521147990732,0.019203521147990732,0.0
2022-11-10,0.03663859347144527,-0.03663859347144527,0.0
2022-11-11,0.0015714878728578796,-0.0015714878728578796,0.0
2022-11-14,-0.005980046774623382,0.005980046774623382,0.0
2022-11-15,0.0013104208237781911,-0.0013104208237781911,0.0
2022-11-16,-0.0004164064126587208,0.0004164064126587208,0.0
2022-11-17,8.926711696966017e-05,-8.926711696966017e-05,0.0
2022-11-18,0.003778637310324351,-0.003778637310324351,0.0
2022-11-21,-0.0009485135014968282,0.0009485135014968282,0.0
2022-11-22,0.011600652722147942,-0.011600652722147942,0.0
2022-11-23,0.0029035664007508455,-0.0029035664007508455,0.0
2022-11-25,0.004591314519666545,-0.004591314519666545,0.0
2022-11-28,-0.014642524452724626,0.014642524452724626,0.0
2022-11-29,-2.9542970250151512e-05,2.9542970250151512e-05,0.0
2022-11-30,0.02266012762940184,-0.02266012762940184,0.0
2022-12-01,-0.0050267225191389375,0.0050267225191389375,0.0
2022-12-02,0.0009581603321622278,-0.0009581603321622278,0.0
2022-12-05,-0.013662470267448046,0.013662470267448046,0.0
2022-12-06,-0.010499073611151988,0.010499073611151988,0.0
2022-12-07,-5.9442430006440006e-05,5.9442430006440006e-05,0.0
2022-12-08,0.006004042325526093,-0.006004042325526093,0.0
2022-12-09,-0.009129586952667856,0.009129586952667856,0.0
2022-12-12,0.015654351909830888,-0.015654351909830888,0.0
2022-12-13,0.0034936292642828715,-0.0034936292642828715,0.0
2022-12-14,-0.004651707088733414,0.004651707088733414,0.0
2022-12-15,-0.021809417435776912,0.021809417435776912,0.0
2022-12-16,-0.011508413461538414,0.011508413461538414,0.0
2022-12-19,-0.004833267471198055,0.004833267471198055,0.0
2022-12-20,0.00305455434052182,-0.00305455434052182,0.0
2022-12-21,0.015896217796455447,-0.015896217796455447,0.0
2022-12-22,-0.010011990407673976,0.010011990407673976,0.0
2022-12-23,0.0050566220553502905,-0.0050566220553502905,0.0
2022-12-27,0.0013255806947247706,-0.0013255806947247706,0.0
2022-12-28,-0.01143304148990587,0.01143304148990587,0.0
2022-12-29,0.01062178531211,-0.01062178531211,0.0
2022-12-30,-0.0021983978799012815,0.0021983978799012815,0.0
2023-01-03,-0.00033199529170302444,0.00033199529170302444,0.0
2023-01-04,0.0040456494173055635,-0.0040456494173055635,0.0
2023-01-05,-0.010043300457060256,0.010043300457060256,0.0
2023-01-06,0.021444626693396307,-0.021444626693396307,0.0
2023-01-09,-0.0029439752587128165,0.0029439752587128165,0.0
2023-01-10,0.005786035968862846,-0.005786035968862846,0.0
2023-01-11,0.007502298134804075,-0.007502298134804075,0.0
2023-01-12,0.006592889098187005,-0.006592889098187005,0.0
2023-01-13,0.003040935672514733,-0.003040935672514733,0.0
2023-01-17,-0.011310634328358216,0.011310634328358216,0.0
2023-01-18,-0.018250972992098102,0.018250972992098102,0.0
2023-01-19,-0.007027660149563131,0.007027660149563131,0.0
2023-01-20,0.009194567946042564,-0.009194567946042564,0.0
2023-01-23,0.0074924326430305666,-0.0074924326430305666,0.0
2023-01-24,0.0027664574471248926,-0.0027664574471248926,0.0
2023-01-25,0.0006526253337286736,-0.0006526253337286736,0.0
2023-01-26,0.006047669868374239,-0.006047669868374239,0.0
2023-01-27,0.0007366808109381395,-0.0007366808109381395,0.0
2023-01-30,-0.007508612820588345,0.007508612820588345,0.0
2023-01-31,0.011184952234023493,-0.011184952234023493,0.0
2023-02-01,0.00011736056098343717,-0.00011736056098343717,0.0
2023-02-02,-0.0012908146800832965,0.0012908146800832965,0.0
2023-02-03,-0.004259319096436842,0.004259319096436842,0.0
2023-02-06,-0.0014750132751194522,0.0014750132751194522,0.0
2023-02-07,0.008981328291183921,-0.008981328291183921,0.0
2023-02-08,-0.0061489810260012545,0.0061489810260012545,0.0
2023-02-09,-0.006894113487714404,0.006894113487714404,0.0
2023-02-10,0.00489498042007841,-0.00489498042007841,0.0
2023-02-13,0.011277418592979593,-0.011277418592979593,0.0
2023-02-14,-0.004116187417895323,0.004116187417895323,0.0
2023-02-15,0.0015243008735417174,-0.0015243008735417174,0.0
2023-02-16,-0.012497804835216453,0.012497804835216453,0.0
2023-02-17,0.0026675360858354757,-0.0026675360858354757,0.0
2023-02-21,-0.02081054716367614,0.02081054716367614,0.0
2023-02-22,-0.002203773584905755,0.002203773584905755,0.0
2023-02-23,0.0034793658477552114,-0.0034793658477552114,0.0
2023-02-24,-0.010703410015979742,0.010703410015979742,0.0
2023-02-27,0.002864805558941752,-0.002864805558941752,0.0
2023-02-28,-0.007567009056099194,0.007567009056099194,0.0
2023-03-01,0.0013167161711118425,-0.0013167161711118425,0.0
2023-03-02,0.01051987767584106,-0.01051987767584106,0.0
2023-03-03,0.011409030383730645,-0.011409030383730645,0.0
2023-03-06,0.0014063014272465146,-0.0014063014272465146,0.0
2023-03-07,-0.017359866140791214,0.017359866140791214,0.0
2023-03-08,-0.001155471766959626,0.001155471766959626,0.0
2023-03-09,-0.01646929891320903,0.01646929891320903,0.0
2023-03-10,-0.01036894886715356,0.01036894886715356,0.0
2023-03-13,-0.0028461514402777777,0.0028461514402777777,0.0
2023-03-14,0.010570227714697955,-0.010570227714697955,0.0
2023-03-15,-0.0082249604270771,0.0082249604270771,0.0
2023-03-16,0.01161044000751077,-0.01161044000751077,0.0
2023-03-17,-0.014694508894044889,0.014694508894044889,0.0
2023-03-20,0.011930926216640492,-0.011930926216640492,0.0
2023-03-21,0.010300961836797962,-0.010300961836797962,0.0
2023-03-22,-0.016706590504268815,0.016706590504268815,0.0
2023-03-23,0.0020613404959708426,-0.0020613404959708426,0.0
2023-03-24,0.004612891160703292,-0.004612891160703292,0.0
2023-03-27,0.0061739885827749585,-0.0061739885827749585,0.0
2023-03-28,-0.001541734759951896,0.001541734759951896,0.0
2023-03-29,0.010098514561007965,-0.010098514561007965,0.0
2023-03-30,0.004280298397945526,-0.004280298397945526,0.0
2023-03-31,0.012603507062834751,-0.012603507062834751,0.0
2023-04-03,0.009891167097588971,-0.009891167097588971,0.0
2023-04-04,-0.005864666130808938,0.005864666130808938,0.0
2023-04-05,0.0026352039288495277,-0.0026352039288495277,0.0
2023-04-06,0.00023893435278643516,-0.00023893435278643516,0.0
2023-04-10,0.003165123917587387,-0.003165123917587387,0.0
2023-04-11,0.0027979521371592764,-0.0027979521371592764,0.0
2023-04-12,-0.0008607895517956932,0.0008607895517956932,0.0
2023-04-13,0.011170196963845358,-0.011170196963845358,0.0
2023-04-14,-0.0044951082645356966,0.0044951082645356966,0.0
2023-04-17,0.0031873450596153763,-0.0031873450596153763,0.0
2023-04-18,-0.0003530242409979234,0.0003530242409979234,0.0
2023-04-19,-0.0023837551500882626,0.0023837551500882626,0.0
2023-04-20,-0.0030679371072893646,0.0030679371072893646,0.0
2023-04-21,0.00047344281698480373,-0.00047344281698480373,0.0
2023-04-24,0.001892875099819502,-0.001892875099819502,0.0
2023-04-25,-0.010095940959409688,0.010095940959409688,0.0
2023-04-26,-0.007097486058509461,0.007097486058509461,0.0
2023-04-27,0.01576813335335636,-0.01576813335335636,0.0
2023-04-28,0.0083678296865759,-0.0083678296865759,0.0
2023-05-01,-0.0019646365422395506,0.0019646365422395506,0.0
2023-05-02,-0.010253848865906745,0.010253848865906745,0.0
2023-05-03,-0.00819307151126547,0.00819307151126547,0.0
2023-05-04,-0.008320612971775887,0.008320612971775887,0.0
2023-05-05,0.01629795068360851,-0.01629795068360851,0.0
2023-05-08,-0.0015145665666854713,0.0015145665666854713,0.0
2023-05-09,-0.00133840937481422,0.00133840937481422,0.0
2023-05-10,-0.0008339041605860409,0.0008339041605860409,0.0
2023-05-11,-0.006438343914870859,0.006438343914870859,0.0
2023-05-12,-0.0003900039000389599,0.0003900039000389599,0.0
2023-05-15,0.0017106842737095729,-0.0017106842737095729,0.0
2023-05-16,-0.010246576984150657,0.010246576984150657,0.0
2023-05-17,0.01289541395489624,-0.01289541395489624,0.0
2023-05-18,0.004333403066256292,-0.004333403066256292,0.0
2023-05-19,-0.005564482532880999,0.005564482532880999,0.0
2023-05-22,-0.0038600795954397693,0.0038600795954397693,0.0
2023-05-23,-0.006878942625412887,0.006878942625412887,0.0
2023-05-24,-0.007864250930099015,0.007864250930099015,0.0
2023-05-25,-0.0007926587604035751,0.0007926587604035751,0.0
2023-05-26,0.009427917620137283,-0.009427917620137283,0.0
2023-05-30,-0.0009672349171805372,0.0009672349171805372,0.0
2023-05-31,-0.003025535519787015,0.003025535519787015,0.0
2023-06-01,0.004309298373391668,-0.004309298373391668,0.0
2023-06-02,0.021544690880522133,-0.021544690880522133,0.0
2023-06-05,-0.005738456532670688,0.005738456532670688,0.0
2023-06-06,0.00011900157677091627,-0.00011900157677091627,0.0
2023-06-07,0.002974685427016066,-0.002974685427016066,0.0
2023-06-08,0.0048640151852181734,-0.0048640151852181734,0.0
2023-06-09,0.0013576931023286942,-0.0013576931023286942,0.0
2023-06-12,0.0056002593804345135,-0.0056002593804345135,0.0
2023-06-13,0.004250080604977002,-0.004250080604977002,0.0
2023-06-14,-0.0064211079329870024,0.0064211079329870024,0.0
2023-06-15,0.0127783326479054,-0.0127783326479054,0.0
2023-06-16,-0.00527888157322276,0.00527888157322276,0.0
2023-06-20,-0.007260533605481845,0.007260533605481845,0.0
2023-06-21,-0.003025318686482925,0.003025318686482925,0.0
2023-06-22,-0.0002651503991987214,0.0002651503991987214,0.0
2023-06-23,-0.006424235280249713,0.006424235280249713,0.0
2023-06-26,-5.931901767719516e-05,5.931901767719516e-05,0.0
2023-06-27,0.006199205078009307,-0.006199205078009307,0.0
2023-06-28,-0.0017687114936769666,0.0017687114936769666,0.0
2023-06-29,0.0074712813395152455,-0.0074712813395152455,0.0
2023-06-30,0.007884863407199072,-0.007884863407199072,0.0
2023-07-03,0.0006398138723280322,-0.0006398138723280322,0.0
2023-07-05,-0.003662045513994183,0.003662045513994183,0.0
2023-07-06,-0.01044310259327319,0.01044310259327319,0.0
2023-07-07,-0.005306134481030567,0.005306134481030567,0.0
2023-07-10,0.006371691906469357,-0.006371691906469357,0.0
2023-07-11,0.009011131397608896,-0.009011131397608896,0.0
2023-07-12,0.0028893299089423063,-0.0028893299089423063,0.0
2023-07-13,0.0008439309722667598,-0.0008439309722667598,0.0
2023-07-14,0.00363456617818092,-0.00363456617818092,0.0
2023-07-17,0.0019700437465597354,-0.0019700437465597354,0.0
2023-07-18,0.010785022408558609,-0.010785022408558609,0.0
2023-07-19,0.0031752388580583712,-0.0031752388580583712,0.0
2023-07-20,0.004961647038695061,-0.004961647038695061,0.0
2023-07-21,-0.0008228584399739836,0.0008228584399739836,0.0
2023-07-24,0.005480774691883905,-0.005480774691883905,0.0
2023-07-25,0.0007060750699015017,-0.0007060750699015017,0.0
2023-07-26,0.0026247459923234295,-0.0026247459923234295,0.0
2023-07-27,-0.006980999296270274,0.006980999296270274,0.0
2023-07-28,0.004847350965218267,-0.004847350965218267,0.0
2023-07-31,0.003074926653125587,-0.003074926653125587,0.0
2023-08-01,0.0017718030205022828,-0.0017718030205022828,0.0
2023-08-02,-0.009713644020213352,0.009713644020213352,0.0
2023-08-03,-0.0021262119408063107,0.0021262119408063107,0.0
2023-08-04,-0.0038069263331345082,0.0038069263331345082,0.0
2023-08-07,0.01132183088549854,-0.01132183088549854,0.0
2023-08-08,-0.00451187186283919,0.00451187186283919,0.0
2023-08-09,-0.0049288992125092745,0.0049288992125092745,0.0
2023-08-10,0.0017365064905487948,-0.0017365064905487948,0.0
2023-08-11,0.0031543948392964705,-0.0031543948392964705,0.0
2023-08-14,0.0005949008498582486,-0.0005949008498582486,0.0
2023-08-15,-0.010192236912884622,0.010192236912884622,0.0
2023-08-16,-0.005263007351048454,0.005263007351048454,0.0
2023-08-17,-0.0077925065416797334,0.0077925065416797334,0.0
2023-08-18,0.00017388280299068803,-0.00017388280299068803,0.0
2023-08-21,-0.001303894297635555,0.001303894297635555,0.0
2023-08-22,-0.004961267299155803,0.004961267299155803,0.0
2023-08-23,0.005452530907394504,-0.005452530907394504,0.0
2023-08-24,-0.011019922860539988,0.011019922860539988,0.0
2023-08-25,0.007242764566167237,-0.007242764566167237,0.0
2023-08-28,0.006433770014556028,-0.006433770014556028,0.0
2023-08-29,0.00841745972057506,-0.00841745972057506,0.0
2023-08-30,0.0022373931501347144,-0.0022373931501347144,0.0
2023-08-31,-0.004550658271322172,0.004550658271322172,0.0
2023-09-01,0.003363905580633153,-0.003363905580633153,0.0
2023-09-05,-0.00573098744913747,0.00573098744913747,0.0
2023-09-06,-0.005706380771226094,0.005706380771226094,0.0
2023-09-07,0.0020000000000000018,-0.0020000000000000018,0.0
2023-09-08,0.0023720674592841995,-0.0023720674592841995,0.0
2023-09-11,0.002481890854520774,-0.002481890854520774,0.0
2023-09-12,-0.00046060396695168926,0.00046060396695168926,0.0
2023-09-13,-0.0019008669105151643,0.0019008669105151643,0.0
2023-09-14,0.009782138219593062,-0.009782138219593062,0.0
2023-09-15,-0.01085900440075449,0.01085900440075449,0.0
2023-09-18,2.8890044490692546e-05,-2.8890044490692546e-05,0.0
2023-09-19,-0.0031200346670517964,0.0031200346670517964,0.0
2023-09-20,-0.0021734720491494164,0.0021734720491494164,0.0
2023-09-21,-0.010861988847583715,0.010861988847583715,0.0
2023-09-22,-0.0029361677138998177,0.0029361677138998177,0.0
2023-09-25,0.001177925672890101,-0.001177925672890101,0.0
2023-09-26,-0.011588916995117327,0.011588916995117327,0.0
2023-09-27,-0.001815260088084747,0.001815260088084747,0.0
2023-09-28,0.0035476850609665878,-0.0035476850609665878,0.0
2023-09-29,-0.004961083714574377,0.004961083714574377,0.0
2023-10-02,-0.0025675473951336514,0.0025675473951336514,0.0
2023-10-03,-0.012302074291358434,0.012302074291358434,0.0
2023-10-04,0.0030607915631251092,-0.0030607915631251092,0.0
2023-10-05,0.0005438230762258023,-0.0005438230762258023,0.0
2023-10-06,0.008847419754204777,-0.008847419754204777,0.0
2023-10-09,0.0059563005088294485,-0.0059563005088294485,0.0
2023-10-10,0.004046535154274222,-0.004046535154274222,0.0
2023-10-11,0.0017187731515779792,-0.0017187731515779792,0.0
2023-10-12,-0.00520663846404168,0.00520663846404168,0.0
2023-10-13,0.0012192583340768781,-0.0012192583340768781,0.0
2023-10-16,0.009534275870262565,-0.009534275870262565,0.0
2023-10-17,0.0002942128335639005,-0.0002942128335639005,0.0
2023-10-18,-0.009882643607164954,0.009882643607164954,0.0
2023-10-19,-0.007456257612215134,0.007456257612215134,0.0
2023-10-20,-0.008769304441518022,0.008769304441518022,0.0
2023-10-23,-0.005646305745946489,0.005646305745946489,0.0
2023-10-24,0.006437507591400493,-0.006437507591400493,0.0
2023-10-25,-0.0032886797006999036,0.0032886797006999036,0.0
2023-10-26,-0.007658543968518283,0.007658543968518283,0.0
2023-10-27,-0.011073149899334944,0.011073149899334944,0.0
2023-10-30,0.015546438816743224,-0.015546438816743224,0.0
2023-10-31,0.003796737842845399,-0.003796737842845399,0.0
2023-11-01,0.006656983781166748,-0.006656983781166748,0.0
2023-11-02,0.0171636407358422,-0.0171636407358422,0.0
2023-11-03,0.0065604775554835015,-0.0065604775554835015,0.0
2023-11-06,0.0012624409148291882,-0.0012624409148291882,0.0
2023-11-07,0.0014661036828524932,-0.0014661036828524932,0.0
2023-11-08,-0.001229724190431658,0.001229724190431658,0.0
2023-11-09,-0.005892354596622851,0.005892354596622851,0.0
2023-11-10,0.01150069299047507,-0.01150069299047507,0.0
2023-11-13,0.0016326054633974962,-0.0016326054633974962,0.0
2023-11-14,0.01411648281281841,-0.01411648281281841,0.0
2023-11-15,0.005309683715056357,-0.005309683715056357,0.0
2023-11-16,-0.0007137351186228269,0.0007137351186228269,0.0
2023-11-17,-0.0016856179646876912,0.0016856179646876912,0.0
2023-11-20,0.005981169332913483,-0.005981169332913483,0.0
2023-11-21,-0.001991351843422806,0.001991351843422806,0.0
2023-11-22,0.004959808448777192,-0.004959808448777192,0.0
2023-11-24,0.003658951667801391,-0.003658951667801391,0.0
2023-11-27,-0.001497809806415229,0.001497809806415229,0.0
2023-11-28,0.002235933431450343,-0.002235933431450343,0.0
2023-11-29,0.001524949874332826,-0.001524949874332826,0.0
2023-11-30,0.015085295361624285,-0.015085295361624285,0.0
2023-12-01,0.008472222222222214,-0.008472222222222214,0.0
2023-12-04,-0.0011293210301611678,0.0011293210301611678,0.0
2023-12-05,-0.00201301566291634,0.00201301566291634,0.0
2023-12-06,-0.0019065513525462485,0.0019065513525462485,0.0
2023-12-07,0.0016887215547309875,-0.0016887215547309875,0.0
2023-12-08,0.003565210181577072,-0.003565210181577072,0.0
2023-12-11,0.00432363956818671,-0.00432363956818671,0.0
2023-12-12,0.004716334421015267,-0.004716334421015267,0.0
2023-12-13,0.01454654621871665,-0.01454654621871665,0.0
2023-12-14,0.004277182977349803,-0.004277182977349803,0.0
2023-12-15,-0.001875016741220925,0.001875016741220925,0.0
2023-12-18,0.0009392695166787757,-0.0009392695166787757,0.0
2023-12-19,0.006756394444742186,-0.006756394444742186,0.0
2023-12-20,-0.012516644474034555,0.012516644474034555,0.0
2023-12-21,0.00830636461704426,-0.00830636461704426,0.0
2023-12-22,-0.0002139723975607133,0.0002139723975607133,0.0
2023-12-26,0.004146602461209126,-0.004146602461209126,0.0
2023-12-27,0.003223657919275258,-0.003223657919275258,0.0
2023-12-28,0.001248141066496622,-0.001248141066496622,0.0
2023-12-29,-0.00042436941357437696,0.00042436941357437696,0.0
2024-01-02,0.000583755671716979,-0.000583755671716979,0.0
2024-01-03,-0.007637434034315382,0.007637434034315382,0.0
2024-01-04,0.0008818577803908489,-0.0008818577803908489,0.0
2024-01-05,0.0002669941795268027,-0.0002669941795268027,0.0
2024-01-08,0.005872304078581969,-0.005872304078581969,0.0
2024-01-09,-0.004405052542192922,0.004405052542192922,0.0
2024-01-10,0.004717735486966301,-0.004717735486966301,0.0
2024-01-11,0.0005836317814034153,-0.0005836317814034153,0.0
2024-01-12,-0.0033406686639976257,0.0033406686639976257,0.0
2024-01-16,-0.00598547524673454,0.00598547524673454,0.0
2024-01-17,-0.0025156559439062365,0.0025156559439062365,0.0
2024-01-18,0.005607426486370359,-0.005607426486370359,0.0
2024-01-19,0.010111789973586749,-0.010111789973586749,0.0
2024-01-22,0.0038827258320126568,-0.0038827258320126568,0.0
2024-01-23,-0.0027100271002709064,0.0027100271002709064,0.0
2024-01-24,-0.002506331785563698,0.002506331785563698,0.0
2024-01-25,0.00632124626411712,-0.00632124626411712,0.0
2024-01-26,0.0016032380151387304,-0.0016032380151387304,0.0
2024-01-29,0.005825395575848269,-0.005825395575848269,0.0
2024-01-30,0.0030784482533718904,-0.0030784482533718904,0.0
2024-01-31,-0.008114645374392104,0.008114645374392104,0.0
2024-02-01,0.00978052809607477,-0.00978052809607477,0.0
2024-02-02,0.0034276811217865966,-0.0034276811217865966,0.0
2024-02-05,-0.007349516070596862,0.007349516070596862,0.0
2024-02-06,0.003910527139058262,-0.003910527139058262,0.0
2024-02-07,0.004129012153318845,-0.004129012153318845,0.0
2024-02-08,0.001758605529262658,-0.001758605529262658,0.0
2024-02-09,-0.0016264360397573174,0.0016264360397573174,0.0
2024-02-12,0.0035943318163011995,-0.0035943318163011995,0.0
2024-02-13,-0.013630156398959148,0.013630156398959148,0.0
2024-02-14,0.0038399247688210014,-0.0038399247688210014,0.0
2024-02-15,0.010304717791251417,-0.010304717791251417,0.0
2024-02-16,-0.005305859626529297,0.005305859626529297,0.0
2024-02-20,-0.001294699500245966,0.001294699500245966,0.0
2024-02-21,0.0009333921024656799,-0.0009333921024656799,0.0
2024-02-22,0.011630617795622245,-0.011630617795622245,0.0
2024-02-23,0.0018948123111588444,-0.0018948123111588444,0.0
2024-02-26,-0.0014567573093436925,0.0014567573093436925,0.0
2024-02-27,-0.002687415218448397,0.002687415218448397,0.0
2024-02-28,-0.00015398039316327772,0.00015398039316327772,0.0
2024-02-29,0.0008983572895275849,-0.0008983572895275849,0.0
2024-03-01,0.0034876266187973126,-0.0034876266187973126,0.0
2024-03-04,-0.0027599601339091118,0.0027599601339091118,0.0
2024-03-05,-0.010352868820951766,0.010352868820951766,0.0
2024-03-06,0.002563505010487077,-0.002563505010487077,0.0
2024-03-07,0.0032801281057905918,-0.0032801281057905918,0.0
2024-03-08,-0.001184193589908511,0.001184193589908511,0.0
2024-03-11,0.0011082759864944336,-0.0011082759864944336,0.0
2024-03-12,0.006101642551876951,-0.006101642551876951,0.0
2024-03-13,0.0011003352184038029,-0.0011003352184038029,0.0
2024-03-14,-0.002939522519298743,0.002939522519298743,0.0
2024-03-15,-0.007870382239085316,0.007870382239085316,0.0
2024-03-18,0.0018863049095607654,-0.0018863049095607654,0.0
2024-03-19,0.00817579243287847,-0.00817579243287847,0.0
2024-03-20,0.010463034024047246,-0.010463034024047246,0.0
2024-03-21,0.006987518671358828,-0.006987518671358828,0.0
2024-03-22,-0.008095537397863062,0.008095537397863062,0.0
2024-03-25,-0.004004765163612367,0.004004765163612367,0.0
2024-03-26,-0.0002544853034736061,0.0002544853034736061,0.0
2024-03-27,0.011989308896525275,-0.011989308896525275,0.0
2024-03-28,0.0005030687191869276,-0.0005030687191869276,0.0
2024-04-01,-0.006109211584875318,0.006109211584875318,0.0
2024-04-02,-0.009359269471074794,0.009359269471074794,0.0
2024-04-03,-0.0009447692975512734,0.0009447692975512734,0.0
2024-04-04,-0.013392628942391238,0.013392628942391238,0.0
2024-04-05,0.007357131754831547,-0.007357131754831547,0.0
2024-04-08,0.0006171887054466918,-0.0006171887054466918,0.0
2024-04-09,-0.0006682086867130232,0.0006682086867130232,0.0
2024-04-10,-0.01113568562905043,0.01113568562905043,0.0
2024-04-11,7.802137785750674e-05,-7.802137785750674e-05,0.0
2024-04-12,-0.012144380298538593,0.012144380298538593,0.0
2024-04-15,-0.006739147603127438,0.006739147603127438,0.0
2024-04-16,0.001775728181071301,-0.001775728181071301,0.0
2024-04-17,-0.0014021905920948985,0.0014021905920948985,0.0
2024-04-18,0.001033249437011552,-0.001033249437011552,0.0
2024-04-19,0.00518738090196913,-0.00518738090196913,0.0
2024-04-22,0.006766719325961068,-0.006766719325961068,0.0
2024-04-23,0.00693046002562947,-0.00693046002562947,0.0
2024-04-24,-0.0015064152511556905,0.0015064152511556905,0.0
2024-04-25,-0.009156175215898399,0.009156175215898399,0.0
2024-04-26,0.00364906017011446,-0.00364906017011446,0.0
2024-04-29,0.0038973607805183885,-0.0038973607805183885,0.0
2024-04-30,-0.014773319437206944,0.014773319437206944,0.0
2024-05-01,0.0020098907783037134,-0.0020098907783037134,0.0
2024-05-02,0.008815223415767237,-0.008815223415767237,0.0
2024-05-03,0.011877665280066951,-0.011877665280066951,0.0
2024-05-06,0.00434366677870579,-0.00434366677870579,0.0
2024-05-07,0.0007465568284206192,-0.0007465568284206192,0.0
2024-05-08,0.004475999382620888,-0.004475999382620888,0.0
2024-05-09,0.009014546199549223,-0.009014546199549223,0.0
2024-05-10,0.002994923857868148,-0.002994923857868148,0.0
2024-05-13,-0.0018219545523560088,0.0018219545523560088,0.0
2024-05-14,0.0028393246463520594,-0.0028393246463520594,0.0
2024-05-15,0.009353354567976035,-0.009353354567976035,0.0
2024-05-16,-0.0001753155680224161,0.0001753155680224161,0.0
2024-05-17,0.001853660980436489,-0.001853660980436489,0.0
2024-05-20,-0.004625578197274605,0.004625578197274605,0.0
2024-05-21,0.001708113539311551,-0.001708113539311551,0.0
2024-05-22,-0.005316214454084811,0.005316214454084811,0.0
2024-05-23,-0.015126304643775512,0.015126304643775512,0.0
2024-05-24,-5.119541289111407e-05,5.119541289111407e-05,0.0
2024-05-28,-0.005222199467540323,0.005222199467540323,0.0
2024-05-29,-0.010344827586207028,0.010344827586207028,0.0
2024-05-30,-0.008060741588226006,0.008060741588226006,0.0
2024-05-31,0.01585928489042665,-0.01585928489042665,0.0
2024-06-03,-0.0033287745464866125,0.0033287745464866125,0.0
2024-06-04,0.003288111019055462,-0.003288111019055462,0.0
2024-06-05,0.002632190137028756,-0.002632190137028756,0.0
2024-06-06,0.0020590430597380305,-0.0020590430597380305,0.0
2024-06-07,-0.002157552718773159,0.002157552718773159,0.0
2024-06-10,0.0020592550644804586,-0.0020592550644804586,0.0
2024-06-11,-0.0033907883582933174,0.0033907883582933174,0.0
2024-06-12,-0.0007217052864912921,0.0007217052864912921,0.0
2024-06-13,-0.002089298150584229,0.002089298150584229,0.0
2024-06-14,-0.0010856079404466534,0.0010856079404466534,0.0
2024-06-17,0.0054856906277493955,-0.0054856906277493955,0.0
2024-06-18,0.001441144680631945,-0.001441144680631945,0.0
2024-06-20,0.007529423857737694,-0.007529423857737694,0.0
2024-06-21,-0.0018619124135996756,0.0018619124135996756,0.0
2024-06-24,0.00674605202637113,-0.00674605202637113,0.0
2024-06-25,-0.00751307172952953,0.00751307172952953,0.0
2024-06-26,0.0005626310674646806,-0.0005626310674646806,0.0
2024-06-27,0.0008179122789080395,-0.0008179122789080395,0.0
2024-06-28,-0.0010981714168964984,0.0010981714168964984,0.0
2024-07-01,0.000843709252678071,-0.000843709252678071,0.0
2024-07-02,0.004674807132274195,-0.004674807132274195,0.0
2024-07-03,-0.001093340791782138,0.001093340791782138,0.0
2024-07-05,0.002138166267881658,-0.002138166267881658,0.0
2024-07-08,-0.0006096012192025047,0.0006096012192025047,0.0
2024-07-09,-0.0013216082956335473,0.0013216082956335473,0.0
2024-07-10,0.010994044892350008,-0.010994044892350008,0.0
2024-07-11,0.0009313799526757816,-0.0009313799526757816,0.0
2024-07-12,0.006765083117471038,-0.006765083117471038,0.0
2024-07-15,0.005095923261390967,-0.005095923261390967,0.0
2024-07-16,0.018142956556317813,-0.018142956556317813,0.0
2024-07-17,0.005541180491138942,-0.005541180491138942,0.0
2024-07-18,-0.012647779962614902,0.012647779962614902,0.0
2024-07-19,-0.009269276160503659,0.009269276160503659,0.0
2024-07-22,0.0029780369772924864,-0.0029780369772924864,0.0
2024-07-23,-0.0016330570332796501,0.0016330570332796501,0.0
2024-07-24,-0.011945773129445558,0.011945773129445558,0.0
2024-07-25,0.002056838989640486,-0.002056838989640486,0.0
2024-07-26,0.016220681368745105,-0.016220681368745105,0.0
2024-07-29,-0.001133088651870895,0.001133088651870895,0.0
2024-07-30,0.0046854578185495654,-0.0046854578185495654,0.0
2024-07-31,0.0026508922215948694,-0.0026508922215948694,0.0
2024-08-01,-0.012876692207887563,0.012876692207887563,0.0
2024-08-02,-0.01512784267043632,0.01512784267043632,0.0
2024-08-05,-0.025986452798831605,0.025986452798831605,0.0
2024-08-06,0.008143533000698033,-0.008143533000698033,0.0
2024-08-07,-0.005615960611344728,0.005615960611344728,0.0
2024-08-08,0.01740722593289834,-0.01740722593289834,0.0
2024-08-09,0.0015968772178849289,-0.0015968772178849289,0.0
2024-08-12,-0.0034923446792357593,0.0034923446792357593,0.0
2024-08-13,0.010209005256875958,-0.010209005256875958,0.0
2024-08-14,0.005781945247492315,-0.005781945247492315,0.0
2024-08-15,0.014471743857632058,-0.014471743857632058,0.0
2024-08-16,0.0021188528629152437,-0.0021188528629152437,0.0
2024-08-19,0.0058268181147662634,-0.0058268181147662634,0.0
2024-08-20,-0.0013443817066315367,0.0013443817066315367,0.0
2024-08-21,0.001052476992363438,-0.001052476992363438,0.0
2024-08-22,-0.0036920218098241975,0.0036920218098241975,0.0
2024-08-23,0.01067537057033463,-0.01067537057033463,0.0
2024-08-26,0.0021610858849525627,-0.0021610858849525627,0.0
2024-08-27,0.0004119015313044372,-0.0004119015313044372,0.0
2024-08-28,-0.003754026496161189,0.003754026496161189,0.0
2024-08-29,0.006247872805951404,-0.006247872805951404,0.0
2024-08-30,0.005556763547631016,-0.005556763547631016,0.0
2024-09-03,-0.014319694385045989,0.014319694385045989,0.0
2024-09-04,0.00041438147471062337,-0.00041438147471062337,0.0
2024-09-05,-0.004775595731202231,0.004775595731202231,0.0
2024-09-06,-0.009768398374381704,0.009768398374381704,0.0
2024-09-09,0.011323460330803226,-0.011323460330803226,0.0
2024-09-10,-0.0019313042415353143,0.0019313042415353143,0.0
2024-09-11,0.002473913682457196,-0.002473913682457196,0.0
2024-09-12,0.0065971119309991,-0.0065971119309991,0.0
2024-09-13,0.007209262810398798,-0.007209262810398798,0.0
2024-09-16,0.005880368246011569,-0.005880368246011569,0.0
2024-09-17,-0.0002875077866691944,0.0002875077866691944,0.0
2024-09-18,-0.002564348367924074,0.002564348367924074,0.0
2024-09-19,0.012542348446622942,-0.012542348446622942,0.0
2024-09-20,-0.0019933081796825736,0.0019933081796825736,0.0
2024-09-23,0.0012839717526214045,-0.0012839717526214045,0.0
2024-09-24,0.002422169979340305,-0.002422169979340305,0.0
2024-09-25,-0.007130504820789807,0.007130504820789807,0.0
2024-09-26,0.005964878793662809,-0.005964878793662809,0.0
2024-09-27,0.0031544993121768172,-0.0031544993121768172,0.0
2024-09-30,0.00040193876344729595,-0.00040193876344729595,0.0
2024-10-01,-0.003828701077708496,0.003828701077708496,0.0
2024-10-02,0.0009727164887307627,-0.0009727164887307627,0.0
2024-10-03,-0.004574435306107905,0.004574435306107905,0.0
2024-10-04,0.008167055574074933,-0.008167055574074933,0.0
2024-10-07,-0.00897475260385916,0.00897475260385916,0.0
2024-10-08,0.0028359667310120518,-0.0028359667310120518,0.0
2024-10-09,0.01009980988593151,-0.01009980988593151,0.0
2024-10-10,-0.0009175391130454846,0.0009175391130454846,0.0
2024-10-11,0.009584137898554168,-0.009584137898554168,0.0
2024-10-14,0.005038135889720685,-0.005038135889720685,0.0
2024-10-15,-0.007774606047947219,0.007774606047947219,0.0
2024-10-16,0.0074379005473173,-0.0074379005473173,0.0
2024-10-17,0.0040165304606238905,-0.0040165304606238905,0.0
2024-10-18,0.0004393571511156491,-0.0004393571511156491,0.0
2024-10-21,-0.007558247041420052,0.007558247041420052,0.0
2024-10-22,-0.00013973961851088124,0.00013973961851088124,0.0
2024-10-23,-0.009666674431063726,0.009666674431063726,0.0
2024-10-24,-0.0032458368614169952,0.0032458368614169952,0.0
2024-10-25,-0.0062296474585870065,0.0062296474585870065,0.0
2024-10-28,0.006957306358930548,-0.006957306358930548,0.0
2024-10-29,-0.0037022189732827115,0.0037022189732827115,0.0
2024-10-30,-0.0017751479289941363,0.0017751479289941363,0.0
2024-10-31,-0.00967397747480736,0.00967397747480736,0.0
2024-11-01,0.00658414537792984,-0.00658414537792984,0.0
2024-11-04,-0.0056372199229342,0.0056372199229342,0.0
2024-11-05,0.01016624805645261,-0.01016624805645261,0.0
2024-11-06,0.03535401373431202,-0.03535401373431202,0.0
2024-11-07,0.0003659401230473591,-0.0003659401230473591,0.0
2024-11-08,0.006218706417613573,-0.006218706417613573,0.0
2024-11-11,0.0065892617754652605,-0.0065892617754652605,0.0
2024-11-12,-0.008171373106701907,0.008171373106701907,0.0
2024-11-13,0.0009558706388401728,-0.0009558706388401728,0.0
2024-11-14,-0.004797526204497471,0.004797526204497471,0.0
2024-11-15,-0.007288096870002314,0.007288096870002314,0.0
2024-11-18,-0.0007364617615244207,0.0007364617615244207,0.0
2024-11-19,-0.003109237891245842,0.003109237891245842,0.0
2024-11-20,0.003349967655484898,-0.003349967655484898,0.0
2024-11-21,0.010776209445301443,-0.010776209445301443,0.0
2024-11-22,0.009545071417181195,-0.009545071417181195,0.0
2024-11-25,0.009928693925444376,-0.009928693925444376,0.0
2024-11-26,0.00294932523013669,-0.00294932523013669,0.0
2024-11-27,-0.0025396542505792263,0.0025396542505792263,0.0
2024-11-29,0.005248581766203575,-0.005248581766203575,0.0
2024-12-02,-0.0029994001199759035,0.0029994001199759035,0.0
2024-12-03,-0.0018941926282480814,0.0018941926282480814,0.0
2024-12-04,0.0068097077407398565,-0.0068097077407398565,0.0
2024-12-05,-0.005033929125826009,0.005033929125826009,0.0
2024-12-06,-0.0033877905810507647,0.0033877905810507647,0.0
2024-12-09,-0.00462931902046293,0.00462931902046293,0.0
2024-12-10,-0.003123034061292329,0.003123034061292329,0.0
2024-12-11,-0.0026595145259077357,0.0026595145259077357,0.0
2024-12-12,-0.0050620324964407715,0.0050620324964407715,0.0
2024-12-13,-0.0020442001499079154,0.0020442001499079154,0.0
2024-12-16,-0.0022759860709652413,0.0022759860709652413,0.0
2024-12-17,-0.006387298400894248,0.006387298400894248,0.0
2024-12-18,-0.02605780930734436,0.02605780930734436,0.0
2024-12-19,0.0007307529112252631,-0.0007307529112252631,0.0
2024-12-20,0.009445739994818014,-0.009445739994818014,0.0
2024-12-23,0.0008167265599476892,-0.0008167265599476892,0.0
2024-12-24,0.008417076639697818,-0.008417076639697818,0.0
2024-12-26,0.0016416184971097536,-0.0016416184971097536,0.0
2024-12-27,-0.007409801251125225,0.007409801251125225,0.0
2024-12-30,-0.009837209302325678,0.009837209302325678,0.0
2024-12-31,-0.0006341451957628808,0.0006341451957628808,0.0
