date,kappa,turnover,CSCO,VZ,COF,EW,IBM,CAT,MO,AAPL,MSFT,AMZN,JNJ,UNH,XOM,JPM,V,PG,MA,HD,CVX,MRK,KO,WMT,MCD,ABT,ADBE,NKE,DIS,WFC,CMCSA,QCOM,AMGN,UPS,BA,GE,SBUX,GS,MS,T,CI,SO,DUK,USB,CL,MMM,SLB,F,MET,AIG,COP,TGT,AXP,C,BAC,INTC,NSC,FDX,ALL,PEP,PFE,ACN,DHR,BLK,INTU,LOW,DE,GILD,TJX,MMC,CB,SYK,PGR,EOG,TRV,BIIB,ADSK,CRM,LMT,NVDA,APD,SHW,EMR,ITW,BDX,KMB,YUM,ROST,COST,ISRG,ICE,VLO,PLD,PNC,REGN,PM,DG,NEE,GM,SCHW,AON,ADP
2020-01-31,1.0,0.0,0.01,0.01,0.01,0.01,0.01,0.01,0.01,0.01,0.01,0.01,0.01,0.01,0.01,0.01,0.01,0.01,0.01,0.01,0.01,0.01,0.01,0.01,0.01,0.01,0.01,0.01,0.01,0.01,0.01,0.01,0.01,0.01,0.01,0.01,0.01,0.01,0.01,0.01,0.01,0.01,0.01,0.01,0.01,0.01,0.01,0.01,0.01,0.01,0.01,0.01,0.01,0.01,0.01,0.01,0.01,0.01,0.01,0.01,0.01,0.01,0.01,0.01,0.01,0.01,0.01,0.01,0.01,0.01,0.01,0.01,0.01,0.01,0.01,0.01,0.01,0.01,0.01,0.01,0.01,0.01,0.01,0.01,0.01,0.01,0.01,0.01,0.01,0.01,0.01,0.01,0.01,0.01,0.01,0.01,0.01,0.01,0.01,0.01,0.01,0.01
2020-02-28,1.0,0.0,0.01,0.01,0.01,0.01,0.01,0.01,0.01,0.01,0.01,0.01,0.01,0.01,0.01,0.01,0.01,0.01,0.01,0.01,0.01,0.01,0.01,0.01,0.01,0.01,0.01,0.01,0.01,0.01,0.01,0.01,0.01,0.01,0.01,0.01,0.01,0.01,0.01,0.01,0.01,0.01,0.01,0.01,0.01,0.01,0.01,0.01,0.01,0.01,0.01,0.01,0.01,0.01,0.01,0.01,0.01,0.01,0.01,0.01,0.01,0.01,0.01,0.01,0.01,0.01,0.01,0.01,0.01,0.01,0.01,0.01,0.01,0.01,0.01,0.01,0.01,0.01,0.01,0.01,0.01,0.01,0.01,0.01,0.01,0.01,0.01,0.01,0.01,0.01,0.01,0.01,0.01,0.01,0.01,0.01,0.01,0.01,0.01,0.01,0.01,0.01
2020-03-31,1.0,1.8237432538253795,5.636236408892671e-05,0.578479053207391,1.428613043535769e-07,0.0001669626837377834,3.502553768620416e-05,2.7481363488667334e-05,8.546094460024882e-05,1.544292656751707e-05,2.5709756135958565e-05,0.06668230189291392,0.0007863870147186071,3.968665973615383e-06,2.795449786049166e-06,1.6908864235003027e-06,7.176885720108931e-06,0.000297182569781249,4.865103218527042e-06,1.762912649918737e-05,5.44461849086391e-07,0.003798861661359568,0.00013689201811653117,0.0973138650818256,2.5858130952888218e-05,0.00011422261000028143,2.882047433297283e-05,3.392446129309752e-05,6.361874806343517e-06,1.2381725177558401e-06,0.00013789405052304447,1.0506806579254154e-05,0.0006051061534838729,0.0038163817466654523,3.4330322547286715e-08,1.0827405983332568e-06,1.1516558644799616e-05,1.375139669168201e-06,6.565035599622015e-07,8.920584614321604e-05,1.096636025178135e-06,5.2635129444647485e-05,3.1135825978512196e-05,2.100756812244876e-06,0.0004008122352558733,0.0002401556950045254,2.987355331489249e-08,6.255591133908205e-06,4.584218955189887e-07,1.118761740811999e-07,8.333465962595207e-08,0.0018293788880344563,4.755106010693825e-07,9.329313196348842e-08,6.081526646687272e-07,4.307325767790433e-05,2.6558982635845794e-06,2.613416693768581e-05,1.3439245342717418e-05,8.631759553556363e-05,0.0016161785241654483,3.0031116180135534e-05,0.0010150580641242427,1.5520625670582767e-06,2.901382096337325e-05,2.0162549338532107e-06,7.84159376824356e-06,0.023555611977371157,6.13722714605822e-06,9.01240622512552e-05,1.0831153235929528e-05,7.966907857233959e-06,0.0018890552926743175,4.795814306809875e-07,2.2418980021274498e-05,0.00026617135495281166,9.998206939480581e-06,0.00011266697158562368,5.3387893100988525e-05,5.086209164312532e-06,3.210063291222865e-05,3.252173971510558e-05,5.326581404710522e-07,9.358190194029389e-06,0.0033461019176335804,0.0016506397735909712,2.366537421178249e-05,3.1623649204579367e-06,0.004122043390799819,1.1400868810815621e-05,5.467766469141226e-05,1.847634526105643e-07,3.352430077092509e-05,7.408476533108063e-07,0.027525408949120225,1.4214873545486842e-05,0.1783153858040679,5.927381921122936e-05,1.2494083874900163e-06,1.61700206759876e-05,0.00043982927551824237,9.146660136434684e-06
2020-04-30,1.0,1.392537331372195,7.83092792961238e-12,0.0005629714452944417,1.6355313866447607e-20,2.7763632825630355e-12,5.712150873323309e-13,2.3485516040481275e-13,1.453276698469124e-11,4.611548758361142e-14,2.399214763610978e-13,9.987554164811744e-06,6.483545788577864e-09,1.6625789445655564e-15,2.8482517985148023e-15,8.796174405833909e-17,9.299165859298696e-15,1.5069945000665762e-09,3.313496022460066e-15,5.407494369018205e-14,3.99289283146048e-18,9.525104594076154e-09,7.2323776489627815e-12,0.31893497731176534,8.639302498490595e-14,5.7199098964713545e-11,1.6485505143590871e-13,4.789283597504098e-13,1.5649049682309326e-14,2.084836129009035e-17,9.068442388625409e-12,3.7068277606692154e-14,4.5856442054299796e-09,1.0319505300296489e-07,1.2693059184769334e-22,3.952100911511244e-18,1.3755710722229613e-14,4.4776711840553536e-17,3.6889655061962976e-18,7.013733674639299e-12,1.600360579201862e-16,3.2859440445443867e-13,2.7050321505308473e-13,1.152270060984129e-16,1.5370752590544161e-09,6.132250027038731e-10,1.2473037392224078e-21,9.54990724666982e-16,8.96043278017094e-19,4.9183353041427965e-21,3.438257930761377e-20,1.920466569303923e-06,9.567593001487206e-19,1.2378649301095114e-20,5.4234983589974145e-18,7.637473351704664e-13,6.559247427403816e-16,2.4148233786084516e-13,1.7487983080027913e-14,1.2889286806807535e-11,1.8896336998924266e-08,2.278485441544487e-13,7.385749734685061e-10,6.019792890109547e-17,1.2296098122714565e-13,1.0053913939957447e-16,1.448809738010116e-14,1.1323188490072713e-07,2.2063781442324175e-15,4.275561351675657e-12,8.479318522112458e-15,4.0563137545591663e-16,3.149723196419636e-08,7.255288618462446e-18,1.7403912559579212e-13,1.5923701221955395e-11,1.0614895913537613e-15,2.4637510263990254e-12,2.2213308453091e-11,1.1694232482874313e-15,3.6224260644319344e-13,1.0999395929551697e-13,6.624459595312499e-18,2.277460198932431e-14,7.777130227527092e-08,1.757668896821222e-08,3.2894316159683077e-13,3.4447906193108234e-16,1.4076235647375237e-06,9.47066561333637e-15,5.7336986872940584e-12,6.198270624138246e-20,1.5032587960780765e-13,4.865136576883903e-18,0.2673139170981785,3.365709313664874e-14,0.4131744311111674,1.4222653192617593e-13,2.5883349070571685e-17,3.6173640853792193e-13,5.581083444913826e-11,1.0853358242603472e-14
2020-05-29,1.0,1.9388466510422222,0.01,0.01,0.01,0.01,0.01,0.01,0.01,0.01,0.01,0.01,0.01,0.01,0.01,0.01,0.01,0.01,0.01,0.01,0.01,0.01,0.01,0.01,0.01,0.01,0.01,0.01,0.01,0.01,0.01,0.01,0.01,0.01,0.01,0.01,0.01,0.01,0.01,0.01,0.01,0.01,0.01,0.01,0.01,0.01,0.01,0.01,0.01,0.01,0.01,0.01,0.01,0.01,0.01,0.01,0.01,0.01,0.01,0.01,0.01,0.01,0.01,0.01,0.01,0.01,0.01,0.01,0.01,0.01,0.01,0.01,0.01,0.01,0.01,0.01,0.01,0.01,0.01,0.01,0.01,0.01,0.01,0.01,0.01,0.01,0.01,0.01,0.01,0.01,0.01,0.01,0.01,0.01,0.01,0.01,0.01,0.01,0.01,0.01,0.01,0.01
2020-06-30,1.0,0.0,0.01,0.01,0.01,0.01,0.01,0.01,0.01,0.01,0.01,0.01,0.01,0.01,0.01,0.01,0.01,0.01,0.01,0.01,0.01,0.01,0.01,0.01,0.01,0.01,0.01,0.01,0.01,0.01,0.01,0.01,0.01,0.01,0.01,0.01,0.01,0.01,0.01,0.01,0.01,0.01,0.01,0.01,0.01,0.01,0.01,0.01,0.01,0.01,0.01,0.01,0.01,0.01,0.01,0.01,0.01,0.01,0.01,0.01,0.01,0.01,0.01,0.01,0.01,0.01,0.01,0.01,0.01,0.01,0.01,0.01,0.01,0.01,0.01,0.01,0.01,0.01,0.01,0.01,0.01,0.01,0.01,0.01,0.01,0.01,0.01,0.01,0.01,0.01,0.01,0.01,0.01,0.01,0.01,0.01,0.01,0.01,0.01,0.01,0.01,0.01
2020-07-31,1.0,0.0,0.01,0.01,0.01,0.01,0.01,0.01,0.01,0.01,0.01,0.01,0.01,0.01,0.01,0.01,0.01,0.01,0.01,0.01,0.01,0.01,0.01,0.01,0.01,0.01,0.01,0.01,0.01,0.01,0.01,0.01,0.01,0.01,0.01,0.01,0.01,0.01,0.01,0.01,0.01,0.01,0.01,0.01,0.01,0.01,0.01,0.01,0.01,0.01,0.01,0.01,0.01,0.01,0.01,0.01,0.01,0.01,0.01,0.01,0.01,0.01,0.01,0.01,0.01,0.01,0.01,0.01,0.01,0.01,0.01,0.01,0.01,0.01,0.01,0.01,0.01,0.01,0.01,0.01,0.01,0.01,0.01,0.01,0.01,0.01,0.01,0.01,0.01,0.01,0.01,0.01,0.01,0.01,0.01,0.01,0.01,0.01,0.01,0.01,0.01,0.01
2020-08-31,1.0,1.8649521386852075,4.331432256406891e-05,0.5156305381324516,1.0121326642358243e-07,2.5220964129761144e-05,1.648517609427849e-05,1.3280275811504015e-05,6.089853744938988e-05,1.5438408780104127e-05,2.0894055023017206e-05,0.12285188444027884,0.0004683291300967021,4.339674897545193e-06,3.714385902653381e-06,1.2568377202724194e-06,8.588146894978706e-06,0.00042692611179565915,5.482898440238715e-06,1.0668122153375936e-05,4.989201010059978e-07,0.00044073128955884086,3.8175254966383e-05,0.15174098489729804,1.3152166721297906e-05,0.00012140223345395808,2.1773524731126524e-05,2.140947946355944e-05,7.047492439955155e-06,6.16243605772155e-07,5.933485596105588e-05,8.573356860184866e-06,0.0005389393272070225,0.001540945211446505,1.0482550700253371e-08,4.930970435496478e-07,5.271168062842519e-06,8.722327739089114e-07,4.866114876067797e-07,3.851223059416564e-05,1.818698001676753e-06,1.85169568059554e-05,2.1725777556639843e-05,1.3232157169184693e-06,0.000482591329446836,0.00019616831728166083,4.10171829938801e-08,1.9386504833797467e-06,2.8844226605574114e-07,5.259785411948692e-08,1.2277822632235294e-07,0.001024413168763175,4.0370459594752005e-07,5.619397807963634e-08,4.989992438001473e-07,2.5838109488655534e-05,2.277797941109793e-06,1.838517626717191e-05,6.471997411803966e-06,5.68264716735328e-05,0.0004498692550918916,1.8134818324899782e-05,0.0003119044211157759,1.7000102106947045e-06,1.4745552810981267e-05,1.709238204998455e-06,7.84082554037599e-06,0.004118395327628351,5.299418109260157e-06,4.319392667659184e-05,4.967205825644804e-06,1.8748686644414302e-06,0.0008717771974634999,7.245561800164848e-07,1.032556670364164e-05,8.004244672254066e-05,3.1077850671351397e-06,3.0493967242502693e-05,7.226162559324637e-05,4.2869381862154596e-06,2.1940483266092346e-05,1.2735925513840294e-05,6.123976058029433e-07,1.0266888295448821e-05,0.055980645512810345,0.002237213545673251,2.973565811664943e-05,2.24944034556484e-06,0.0004414263511232725,7.19988103499087e-06,4.133671679790499e-05,1.1190520822797828e-07,1.7308145322011414e-05,4.65014982241609e-07,0.002665067424640374,9.909966899502946e-06,0.1362720163597647,1.7533179250189588e-05,9.157751146618176e-07,2.7628868906668558e-05,7.975440908045747e-05,4.920888621077613e-06
2020-09-30,1.0,0.5220332282669956,4.903150272579948e-05,0.5747608888296697,5.139381450753444e-08,2.8173384883712157e-05,1.5570743962085708e-05,1.2332829682447233e-05,7.860501963904459e-05,1.2815321844238975e-05,1.7760730807141622e-05,0.061420751757481136,0.0005945671074666134,3.7279878247953483e-06,3.0858821505624343e-06,9.274862679306327e-07,7.782674522248883e-06,0.0006456298112040978,4.758640506453086e-06,8.987362277553682e-06,3.019418116767937e-07,0.0005909556204407647,4.306828877287875e-05,0.0007413647345696194,1.2051927129196324e-05,0.00016376515415880962,1.9612129707570732e-05,2.0723025933768684e-05,5.9338374927829785e-06,4.1428404160280574e-07,7.204217467048279e-05,7.33911275960701e-06,0.0009058966459348731,0.0019771485780404378,3.136841570706971e-09,3.045569041416952e-07,4.447784292383594e-06,6.054481717603156e-07,3.057334627188588e-07,4.7025194816770576e-05,1.4077932038924275e-06,1.8010172843448425e-05,2.2722539361343057e-05,1.0584604275505704e-06,0.0007125707428523993,0.0002723075482346196,1.633725856642773e-08,1.5894325854667799e-06,1.6632471738028e-07,2.1508232129969894e-08,6.046899674272005e-08,0.007789306766860817,2.5737897511616176e-07,2.4481025447313693e-08,3.234735699312152e-07,2.4804465648495865e-05,1.8490975024467161e-06,1.8323320239532883e-05,5.875604489313429e-06,6.700677755124159e-05,0.0006757676437965325,1.7357212893174152e-05,0.00039367208574816385,1.1980256255337774e-06,1.2258570413919519e-05,1.2711692611954162e-06,6.9052323080222756e-06,0.02298897738805493,4.707070390792902e-06,5.143806471748038e-05,4.3073931867850455e-06,1.4866599480907355e-06,0.001193595772809437,4.6336745059467786e-07,9.739999559983214e-06,8.838236667412481e-05,2.1985171567957715e-06,3.406397085384757e-05,9.781873757796883e-05,3.3489315944826574e-06,2.0942854456066076e-05,1.1984985768993932e-05,3.787226049269448e-07,8.90561569495794e-06,0.007900776329504639,0.0017761526351704993,2.671355091448857e-05,1.8757771155801528e-06,0.012433624759914809,6.482765146538357e-06,4.9306360609537414e-05,5.569203229271136e-08,1.746679741713914e-05,3.070741944273015e-07,0.14178963947948464,9.010125480491815e-06,0.15899305431101957,1.6333826126457537e-05,6.196188549730134e-07,3.3745891200176966e-05,9.28179259019411e-05,4.386250105603702e-06
2020-10-30,1.0,0.24596958553272893,2.2046485884534242e-05,0.5747608861310572,6.373566975573304e-09,1.0718577906210972e-05,5.5107421060312755e-06,4.032742950052586e-06,3.8822664092938933e-05,4.7776996298093114e-06,6.74072642795322e-06,0.0632694235057629,0.000340882758783232,9.746072096991704e-07,7.469964137947675e-07,1.9427041247906078e-07,2.334108242281221e-06,0.00036130971966388353,1.2154074691448074e-06,3.1200151612392843e-06,5.036439200500524e-08,0.00039916970250435487,1.669681420072465e-05,0.038285555890417725,3.878751051904255e-06,9.463190162409729e-05,7.464173244641751e-06,7.521896009220367e-06,1.6451478298622563e-06,7.588754879722394e-08,3.1684089894336004e-05,2.4555425699469157e-06,0.0005513003780781227,0.000886224747467827,2.241890974552505e-10,6.035057526371561e-08,1.271894918144962e-06,1.205358297551268e-07,5.418888740788397e-08,2.0566726919956564e-05,3.1287099346066683e-07,6.136901277313885e-06,8.304544179120973e-06,2.3593696267701334e-07,0.00044881611793124614,0.0001509473392280118,1.5021159846669777e-09,3.908517969219297e-07,2.592891573610657e-08,2.2867904618064426e-09,7.493247331084331e-09,0.0033277356249021683,4.20372620614799e-08,2.6992888310689804e-09,5.904988619300819e-08,1.0047015161265354e-05,4.544429404104062e-07,6.054953890571696e-06,1.856440931880806e-06,2.9782655173667198e-05,0.0003142811815917229,6.645003336173264e-06,0.0002363552084152427,2.75388345725903e-07,4.438734854953932e-06,3.176785953039961e-07,2.2159060289918625e-06,0.022031829345714602,1.2951554075181504e-06,2.27672422899281e-05,1.4801472314905622e-06,3.4171122597915124e-07,0.0007738963720826526,7.918823922443111e-08,3.703923418137196e-06,4.002024387343386e-05,5.746833151867155e-07,1.4722121039595285e-05,4.684743604112555e-05,1.0272829716373727e-06,8.014503592699654e-06,4.790216972418898e-06,6.774998304867135e-08,2.926557434986874e-06,0.005467058316857321,0.0016765954108010114,9.567239819777584e-06,4.1620775218358697e-07,0.011989003364330115,1.963750007786878e-06,2.0856288519017374e-05,6.699234466672435e-09,6.459081039722072e-06,5.6536719524051216e-08,0.0315158583916703,3.119001063716128e-06,0.2425849841732543,6.1023852667578056e-06,1.3510995167371437e-07,1.431369730155403e-05,4.745741061165317e-05,1.7445200286734674e-06
2020-11-30,1.0,1.828875081604414,0.01,0.01,0.01,0.01,0.01,0.01,0.01,0.01,0.01,0.01,0.01,0.01,0.01,0.01,0.01,0.01,0.01,0.01,0.01,0.01,0.01,0.01,0.01,0.01,0.01,0.01,0.01,0.01,0.01,0.01,0.01,0.01,0.01,0.01,0.01,0.01,0.01,0.01,0.01,0.01,0.01,0.01,0.01,0.01,0.01,0.01,0.01,0.01,0.01,0.01,0.01,0.01,0.01,0.01,0.01,0.01,0.01,0.01,0.01,0.01,0.01,0.01,0.01,0.01,0.01,0.01,0.01,0.01,0.01,0.01,0.01,0.01,0.01,0.01,0.01,0.01,0.01,0.01,0.01,0.01,0.01,0.01,0.01,0.01,0.01,0.01,0.01,0.01,0.01,0.01,0.01,0.01,0.01,0.01,0.01,0.01,0.01,0.01,0.01,0.01
2020-12-31,1.0,0.0,0.01,0.01,0.01,0.01,0.01,0.01,0.01,0.01,0.01,0.01,0.01,0.01,0.01,0.01,0.01,0.01,0.01,0.01,0.01,0.01,0.01,0.01,0.01,0.01,0.01,0.01,0.01,0.01,0.01,0.01,0.01,0.01,0.01,0.01,0.01,0.01,0.01,0.01,0.01,0.01,0.01,0.01,0.01,0.01,0.01,0.01,0.01,0.01,0.01,0.01,0.01,0.01,0.01,0.01,0.01,0.01,0.01,0.01,0.01,0.01,0.01,0.01,0.01,0.01,0.01,0.01,0.01,0.01,0.01,0.01,0.01,0.01,0.01,0.01,0.01,0.01,0.01,0.01,0.01,0.01,0.01,0.01,0.01,0.01,0.01,0.01,0.01,0.01,0.01,0.01,0.01,0.01,0.01,0.01,0.01,0.01,0.01,0.01,0.01,0.01
2021-01-29,1.0,0.0,0.01,0.01,0.01,0.01,0.01,0.01,0.01,0.01,0.01,0.01,0.01,0.01,0.01,0.01,0.01,0.01,0.01,0.01,0.01,0.01,0.01,0.01,0.01,0.01,0.01,0.01,0.01,0.01,0.01,0.01,0.01,0.01,0.01,0.01,0.01,0.01,0.01,0.01,0.01,0.01,0.01,0.01,0.01,0.01,0.01,0.01,0.01,0.01,0.01,0.01,0.01,0.01,0.01,0.01,0.01,0.01,0.01,0.01,0.01,0.01,0.01,0.01,0.01,0.01,0.01,0.01,0.01,0.01,0.01,0.01,0.01,0.01,0.01,0.01,0.01,0.01,0.01,0.01,0.01,0.01,0.01,0.01,0.01,0.01,0.01,0.01,0.01,0.01,0.01,0.01,0.01,0.01,0.01,0.01,0.01,0.01,0.01,0.01,0.01,0.01
2021-02-26,1.0,0.0,0.01,0.01,0.01,0.01,0.01,0.01,0.01,0.01,0.01,0.01,0.01,0.01,0.01,0.01,0.01,0.01,0.01,0.01,0.01,0.01,0.01,0.01,0.01,0.01,0.01,0.01,0.01,0.01,0.01,0.01,0.01,0.01,0.01,0.01,0.01,0.01,0.01,0.01,0.01,0.01,0.01,0.01,0.01,0.01,0.01,0.01,0.01,0.01,0.01,0.01,0.01,0.01,0.01,0.01,0.01,0.01,0.01,0.01,0.01,0.01,0.01,0.01,0.01,0.01,0.01,0.01,0.01,0.01,0.01,0.01,0.01,0.01,0.01,0.01,0.01,0.01,0.01,0.01,0.01,0.01,0.01,0.01,0.01,0.01,0.01,0.01,0.01,0.01,0.01,0.01,0.01,0.01,0.01,0.01,0.01,0.01,0.01,0.01,0.01,0.01
2021-03-31,1.0,0.0,0.01,0.01,0.01,0.01,0.01,0.01,0.01,0.01,0.01,0.01,0.01,0.01,0.01,0.01,0.01,0.01,0.01,0.01,0.01,0.01,0.01,0.01,0.01,0.01,0.01,0.01,0.01,0.01,0.01,0.01,0.01,0.01,0.01,0.01,0.01,0.01,0.01,0.01,0.01,0.01,0.01,0.01,0.01,0.01,0.01,0.01,0.01,0.01,0.01,0.01,0.01,0.01,0.01,0.01,0.01,0.01,0.01,0.01,0.01,0.01,0.01,0.01,0.01,0.01,0.01,0.01,0.01,0.01,0.01,0.01,0.01,0.01,0.01,0.01,0.01,0.01,0.01,0.01,0.01,0.01,0.01,0.01,0.01,0.01,0.01,0.01,0.01,0.01,0.01,0.01,0.01,0.01,0.01,0.01,0.01,0.01,0.01,0.01,0.01,0.01
2021-04-30,1.0,0.0,0.01,0.01,0.01,0.01,0.01,0.01,0.01,0.01,0.01,0.01,0.01,0.01,0.01,0.01,0.01,0.01,0.01,0.01,0.01,0.01,0.01,0.01,0.01,0.01,0.01,0.01,0.01,0.01,0.01,0.01,0.01,0.01,0.01,0.01,0.01,0.01,0.01,0.01,0.01,0.01,0.01,0.01,0.01,0.01,0.01,0.01,0.01,0.01,0.01,0.01,0.01,0.01,0.01,0.01,0.01,0.01,0.01,0.01,0.01,0.01,0.01,0.01,0.01,0.01,0.01,0.01,0.01,0.01,0.01,0.01,0.01,0.01,0.01,0.01,0.01,0.01,0.01,0.01,0.01,0.01,0.01,0.01,0.01,0.01,0.01,0.01,0.01,0.01,0.01,0.01,0.01,0.01,0.01,0.01,0.01,0.01,0.01,0.01,0.01,0.01
2021-05-28,1.0,0.0,0.01,0.01,0.01,0.01,0.01,0.01,0.01,0.01,0.01,0.01,0.01,0.01,0.01,0.01,0.01,0.01,0.01,0.01,0.01,0.01,0.01,0.01,0.01,0.01,0.01,0.01,0.01,0.01,0.01,0.01,0.01,0.01,0.01,0.01,0.01,0.01,0.01,0.01,0.01,0.01,0.01,0.01,0.01,0.01,0.01,0.01,0.01,0.01,0.01,0.01,0.01,0.01,0.01,0.01,0.01,0.01,0.01,0.01,0.01,0.01,0.01,0.01,0.01,0.01,0.01,0.01,0.01,0.01,0.01,0.01,0.01,0.01,0.01,0.01,0.01,0.01,0.01,0.01,0.01,0.01,0.01,0.01,0.01,0.01,0.01,0.01,0.01,0.01,0.01,0.01,0.01,0.01,0.01,0.01,0.01,0.01,0.01,0.01,0.01,0.01
2021-06-30,1.0,0.0,0.01,0.01,0.01,0.01,0.01,0.01,0.01,0.01,0.01,0.01,0.01,0.01,0.01,0.01,0.01,0.01,0.01,0.01,0.01,0.01,0.01,0.01,0.01,0.01,0.01,0.01,0.01,0.01,0.01,0.01,0.01,0.01,0.01,0.01,0.01,0.01,0.01,0.01,0.01,0.01,0.01,0.01,0.01,0.01,0.01,0.01,0.01,0.01,0.01,0.01,0.01,0.01,0.01,0.01,0.01,0.01,0.01,0.01,0.01,0.01,0.01,0.01,0.01,0.01,0.01,0.01,0.01,0.01,0.01,0.01,0.01,0.01,0.01,0.01,0.01,0.01,0.01,0.01,0.01,0.01,0.01,0.01,0.01,0.01,0.01,0.01,0.01,0.01,0.01,0.01,0.01,0.01,0.01,0.01,0.01,0.01,0.01,0.01,0.01,0.01
2021-07-30,1.0,0.0,0.01,0.01,0.01,0.01,0.01,0.01,0.01,0.01,0.01,0.01,0.01,0.01,0.01,0.01,0.01,0.01,0.01,0.01,0.01,0.01,0.01,0.01,0.01,0.01,0.01,0.01,0.01,0.01,0.01,0.01,0.01,0.01,0.01,0.01,0.01,0.01,0.01,0.01,0.01,0.01,0.01,0.01,0.01,0.01,0.01,0.01,0.01,0.01,0.01,0.01,0.01,0.01,0.01,0.01,0.01,0.01,0.01,0.01,0.01,0.01,0.01,0.01,0.01,0.01,0.01,0.01,0.01,0.01,0.01,0.01,0.01,0.01,0.01,0.01,0.01,0.01,0.01,0.01,0.01,0.01,0.01,0.01,0.01,0.01,0.01,0.01,0.01,0.01,0.01,0.01,0.01,0.01,0.01,0.01,0.01,0.01,0.01,0.01,0.01,0.01
2021-08-31,1.0,0.0,0.01,0.01,0.01,0.01,0.01,0.01,0.01,0.01,0.01,0.01,0.01,0.01,0.01,0.01,0.01,0.01,0.01,0.01,0.01,0.01,0.01,0.01,0.01,0.01,0.01,0.01,0.01,0.01,0.01,0.01,0.01,0.01,0.01,0.01,0.01,0.01,0.01,0.01,0.01,0.01,0.01,0.01,0.01,0.01,0.01,0.01,0.01,0.01,0.01,0.01,0.01,0.01,0.01,0.01,0.01,0.01,0.01,0.01,0.01,0.01,0.01,0.01,0.01,0.01,0.01,0.01,0.01,0.01,0.01,0.01,0.01,0.01,0.01,0.01,0.01,0.01,0.01,0.01,0.01,0.01,0.01,0.01,0.01,0.01,0.01,0.01,0.01,0.01,0.01,0.01,0.01,0.01,0.01,0.01,0.01,0.01,0.01,0.01,0.01,0.01
2021-09-30,1.0,0.0,0.01,0.01,0.01,0.01,0.01,0.01,0.01,0.01,0.01,0.01,0.01,0.01,0.01,0.01,0.01,0.01,0.01,0.01,0.01,0.01,0.01,0.01,0.01,0.01,0.01,0.01,0.01,0.01,0.01,0.01,0.01,0.01,0.01,0.01,0.01,0.01,0.01,0.01,0.01,0.01,0.01,0.01,0.01,0.01,0.01,0.01,0.01,0.01,0.01,0.01,0.01,0.01,0.01,0.01,0.01,0.01,0.01,0.01,0.01,0.01,0.01,0.01,0.01,0.01,0.01,0.01,0.01,0.01,0.01,0.01,0.01,0.01,0.01,0.01,0.01,0.01,0.01,0.01,0.01,0.01,0.01,0.01,0.01,0.01,0.01,0.01,0.01,0.01,0.01,0.01,0.01,0.01,0.01,0.01,0.01,0.01,0.01,0.01,0.01,0.01
2021-10-29,1.0,0.0,0.01,0.01,0.01,0.01,0.01,0.01,0.01,0.01,0.01,0.01,0.01,0.01,0.01,0.01,0.01,0.01,0.01,0.01,0.01,0.01,0.01,0.01,0.01,0.01,0.01,0.01,0.01,0.01,0.01,0.01,0.01,0.01,0.01,0.01,0.01,0.01,0.01,0.01,0.01,0.01,0.01,0.01,0.01,0.01,0.01,0.01,0.01,0.01,0.01,0.01,0.01,0.01,0.01,0.01,0.01,0.01,0.01,0.01,0.01,0.01,0.01,0.01,0.01,0.01,0.01,0.01,0.01,0.01,0.01,0.01,0.01,0.01,0.01,0.01,0.01,0.01,0.01,0.01,0.01,0.01,0.01,0.01,0.01,0.01,0.01,0.01,0.01,0.01,0.01,0.01,0.01,0.01,0.01,0.01,0.01,0.01,0.01,0.01,0.01,0.01
2021-11-30,1.0,0.0,0.01,0.01,0.01,0.01,0.01,0.01,0.01,0.01,0.01,0.01,0.01,0.01,0.01,0.01,0.01,0.01,0.01,0.01,0.01,0.01,0.01,0.01,0.01,0.01,0.01,0.01,0.01,0.01,0.01,0.01,0.01,0.01,0.01,0.01,0.01,0.01,0.01,0.01,0.01,0.01,0.01,0.01,0.01,0.01,0.01,0.01,0.01,0.01,0.01,0.01,0.01,0.01,0.01,0.01,0.01,0.01,0.01,0.01,0.01,0.01,0.01,0.01,0.01,0.01,0.01,0.01,0.01,0.01,0.01,0.01,0.01,0.01,0.01,0.01,0.01,0.01,0.01,0.01,0.01,0.01,0.01,0.01,0.01,0.01,0.01,0.01,0.01,0.01,0.01,0.01,0.01,0.01,0.01,0.01,0.01,0.01,0.01,0.01,0.01,0.01
2021-12-31,1.0,0.0,0.01,0.01,0.01,0.01,0.01,0.01,0.01,0.01,0.01,0.01,0.01,0.01,0.01,0.01,0.01,0.01,0.01,0.01,0.01,0.01,0.01,0.01,0.01,0.01,0.01,0.01,0.01,0.01,0.01,0.01,0.01,0.01,0.01,0.01,0.01,0.01,0.01,0.01,0.01,0.01,0.01,0.01,0.01,0.01,0.01,0.01,0.01,0.01,0.01,0.01,0.01,0.01,0.01,0.01,0.01,0.01,0.01,0.01,0.01,0.01,0.01,0.01,0.01,0.01,0.01,0.01,0.01,0.01,0.01,0.01,0.01,0.01,0.01,0.01,0.01,0.01,0.01,0.01,0.01,0.01,0.01,0.01,0.01,0.01,0.01,0.01,0.01,0.01,0.01,0.01,0.01,0.01,0.01,0.01,0.01,0.01,0.01,0.01,0.01,0.01
2022-01-31,1.0,0.0,0.01,0.01,0.01,0.01,0.01,0.01,0.01,0.01,0.01,0.01,0.01,0.01,0.01,0.01,0.01,0.01,0.01,0.01,0.01,0.01,0.01,0.01,0.01,0.01,0.01,0.01,0.01,0.01,0.01,0.01,0.01,0.01,0.01,0.01,0.01,0.01,0.01,0.01,0.01,0.01,0.01,0.01,0.01,0.01,0.01,0.01,0.01,0.01,0.01,0.01,0.01,0.01,0.01,0.01,0.01,0.01,0.01,0.01,0.01,0.01,0.01,0.01,0.01,0.01,0.01,0.01,0.01,0.01,0.01,0.01,0.01,0.01,0.01,0.01,0.01,0.01,0.01,0.01,0.01,0.01,0.01,0.01,0.01,0.01,0.01,0.01,0.01,0.01,0.01,0.01,0.01,0.01,0.01,0.01,0.01,0.01,0.01,0.01,0.01,0.01
2022-02-28,1.0,0.0,0.01,0.01,0.01,0.01,0.01,0.01,0.01,0.01,0.01,0.01,0.01,0.01,0.01,0.01,0.01,0.01,0.01,0.01,0.01,0.01,0.01,0.01,0.01,0.01,0.01,0.01,0.01,0.01,0.01,0.01,0.01,0.01,0.01,0.01,0.01,0.01,0.01,0.01,0.01,0.01,0.01,0.01,0.01,0.01,0.01,0.01,0.01,0.01,0.01,0.01,0.01,0.01,0.01,0.01,0.01,0.01,0.01,0.01,0.01,0.01,0.01,0.01,0.01,0.01,0.01,0.01,0.01,0.01,0.01,0.01,0.01,0.01,0.01,0.01,0.01,0.01,0.01,0.01,0.01,0.01,0.01,0.01,0.01,0.01,0.01,0.01,0.01,0.01,0.01,0.01,0.01,0.01,0.01,0.01,0.01,0.01,0.01,0.01,0.01,0.01
2022-03-31,1.0,0.0,0.01,0.01,0.01,0.01,0.01,0.01,0.01,0.01,0.01,0.01,0.01,0.01,0.01,0.01,0.01,0.01,0.01,0.01,0.01,0.01,0.01,0.01,0.01,0.01,0.01,0.01,0.01,0.01,0.01,0.01,0.01,0.01,0.01,0.01,0.01,0.01,0.01,0.01,0.01,0.01,0.01,0.01,0.01,0.01,0.01,0.01,0.01,0.01,0.01,0.01,0.01,0.01,0.01,0.01,0.01,0.01,0.01,0.01,0.01,0.01,0.01,0.01,0.01,0.01,0.01,0.01,0.01,0.01,0.01,0.01,0.01,0.01,0.01,0.01,0.01,0.01,0.01,0.01,0.01,0.01,0.01,0.01,0.01,0.01,0.01,0.01,0.01,0.01,0.01,0.01,0.01,0.01,0.01,0.01,0.01,0.01,0.01,0.01,0.01,0.01
2022-04-29,1.0,0.9976678184415197,0.006349421647826017,0.0143127250897563,0.0008852146592180219,0.0023770998351515067,0.013982200356209267,0.0025142922292999896,0.009994929931286416,0.005596251036424391,0.0034924514008330223,0.0039562509555947116,0.01253930045254047,0.0038758638307384557,0.004114678909202592,0.0027220462723523027,0.002380403031686003,0.008323065588789362,0.0013879082966953642,0.004939955823605416,0.003913030769895206,0.22341309397395634,0.010012360852300088,0.017455449586937642,0.004943035230958912,0.008405347707263838,0.004825075495071846,0.002822750261247888,0.004786058430204468,0.0015538526015846715,0.006488403666753938,0.0017447160462505077,0.006105932450598436,0.0054858583040420265,0.0015497561484876185,0.0009917015581943514,0.0028047869046948703,0.00198999994358184,0.0013210436729113803,0.0025834492838407402,0.0030129577088015744,0.008825437044160566,0.010015261733179725,0.0017077251649445422,0.008534712218561212,0.0029582229660086914,0.010887111620931304,0.0013742257127144432,0.001857349486308594,0.0018147069564565025,0.002133923917395283,0.00578716663221758,0.0006800578273892263,0.004363858726009568,0.0016437041441995722,0.005187705179708263,0.00412173390589681,0.004900126371802966,0.004073529289760886,0.00822799209084521,0.10848894531985268,0.002444955947144807,0.006897567597037651,0.001377514625392556,0.0013679837997970761,0.007466704927205665,0.002969976769477444,0.011970265838573522,0.0010700017969289067,0.004521687541461969,0.0038748131536247995,0.0012391687116608294,0.009481942685191957,0.002851351591460519,0.004108792367747823,0.008965054891037194,0.0020511805322645316,0.00484154324188218,0.04974441504305616,0.0012792927575011961,0.004085176956444072,0.026453899114221774,0.0025208130955593133,0.002973843008172902,0.005958501536909716,0.0933292263195176,0.005720492036195802,0.0012267478697880615,0.011896041294587418,0.0013207303452872133,0.004779126048885227,0.010847740606208554,0.005807012932941615,0.002398724791219411,0.025718029560471155,0.016718599274332883,0.008600317594426128,0.011049243184126997,0.0011398902971573228,0.0008247533223878902,0.00485860935254141,0.005712051387039278
2022-05-31,1.0,0.9976678184415197,0.01,0.01,0.01,0.01,0.01,0.01,0.01,0.01,0.01,0.01,0.01,0.01,0.01,0.01,0.01,0.01,0.01,0.01,0.01,0.01,0.01,0.01,0.01,0.01,0.01,0.01,0.01,0.01,0.01,0.01,0.01,0.01,0.01,0.01,0.01,0.01,0.01,0.01,0.01,0.01,0.01,0.01,0.01,0.01,0.01,0.01,0.01,0.01,0.01,0.01,0.01,0.01,0.01,0.01,0.01,0.01,0.01,0.01,0.01,0.01,0.01,0.01,0.01,0.01,0.01,0.01,0.01,0.01,0.01,0.01,0.01,0.01,0.01,0.01,0.01,0.01,0.01,0.01,0.01,0.01,0.01,0.01,0.01,0.01,0.01,0.01,0.01,0.01,0.01,0.01,0.01,0.01,0.01,0.01,0.01,0.01,0.01,0.01,0.01,0.01
2022-06-30,1.0,0.0,0.01,0.01,0.01,0.01,0.01,0.01,0.01,0.01,0.01,0.01,0.01,0.01,0.01,0.01,0.01,0.01,0.01,0.01,0.01,0.01,0.01,0.01,0.01,0.01,0.01,0.01,0.01,0.01,0.01,0.01,0.01,0.01,0.01,0.01,0.01,0.01,0.01,0.01,0.01,0.01,0.01,0.01,0.01,0.01,0.01,0.01,0.01,0.01,0.01,0.01,0.01,0.01,0.01,0.01,0.01,0.01,0.01,0.01,0.01,0.01,0.01,0.01,0.01,0.01,0.01,0.01,0.01,0.01,0.01,0.01,0.01,0.01,0.01,0.01,0.01,0.01,0.01,0.01,0.01,0.01,0.01,0.01,0.01,0.01,0.01,0.01,0.01,0.01,0.01,0.01,0.01,0.01,0.01,0.01,0.01,0.01,0.01,0.01,0.01,0.01
2022-07-29,1.0,0.0,0.01,0.01,0.01,0.01,0.01,0.01,0.01,0.01,0.01,0.01,0.01,0.01,0.01,0.01,0.01,0.01,0.01,0.01,0.01,0.01,0.01,0.01,0.01,0.01,0.01,0.01,0.01,0.01,0.01,0.01,0.01,0.01,0.01,0.01,0.01,0.01,0.01,0.01,0.01,0.01,0.01,0.01,0.01,0.01,0.01,0.01,0.01,0.01,0.01,0.01,0.01,0.01,0.01,0.01,0.01,0.01,0.01,0.01,0.01,0.01,0.01,0.01,0.01,0.01,0.01,0.01,0.01,0.01,0.01,0.01,0.01,0.01,0.01,0.01,0.01,0.01,0.01,0.01,0.01,0.01,0.01,0.01,0.01,0.01,0.01,0.01,0.01,0.01,0.01,0.01,0.01,0.01,0.01,0.01,0.01,0.01,0.01,0.01,0.01,0.01
2022-08-31,1.0,0.0,0.01,0.01,0.01,0.01,0.01,0.01,0.01,0.01,0.01,0.01,0.01,0.01,0.01,0.01,0.01,0.01,0.01,0.01,0.01,0.01,0.01,0.01,0.01,0.01,0.01,0.01,0.01,0.01,0.01,0.01,0.01,0.01,0.01,0.01,0.01,0.01,0.01,0.01,0.01,0.01,0.01,0.01,0.01,0.01,0.01,0.01,0.01,0.01,0.01,0.01,0.01,0.01,0.01,0.01,0.01,0.01,0.01,0.01,0.01,0.01,0.01,0.01,0.01,0.01,0.01,0.01,0.01,0.01,0.01,0.01,0.01,0.01,0.01,0.01,0.01,0.01,0.01,0.01,0.01,0.01,0.01,0.01,0.01,0.01,0.01,0.01,0.01,0.01,0.01,0.01,0.01,0.01,0.01,0.01,0.01,0.01,0.01,0.01,0.01,0.01
2022-09-30,1.0,0.0,0.01,0.01,0.01,0.01,0.01,0.01,0.01,0.01,0.01,0.01,0.01,0.01,0.01,0.01,0.01,0.01,0.01,0.01,0.01,0.01,0.01,0.01,0.01,0.01,0.01,0.01,0.01,0.01,0.01,0.01,0.01,0.01,0.01,0.01,0.01,0.01,0.01,0.01,0.01,0.01,0.01,0.01,0.01,0.01,0.01,0.01,0.01,0.01,0.01,0.01,0.01,0.01,0.01,0.01,0.01,0.01,0.01,0.01,0.01,0.01,0.01,0.01,0.01,0.01,0.01,0.01,0.01,0.01,0.01,0.01,0.01,0.01,0.01,0.01,0.01,0.01,0.01,0.01,0.01,0.01,0.01,0.01,0.01,0.01,0.01,0.01,0.01,0.01,0.01,0.01,0.01,0.01,0.01,0.01,0.01,0.01,0.01,0.01,0.01,0.01
2022-10-31,1.0,0.0,0.01,0.01,0.01,0.01,0.01,0.01,0.01,0.01,0.01,0.01,0.01,0.01,0.01,0.01,0.01,0.01,0.01,0.01,0.01,0.01,0.01,0.01,0.01,0.01,0.01,0.01,0.01,0.01,0.01,0.01,0.01,0.01,0.01,0.01,0.01,0.01,0.01,0.01,0.01,0.01,0.01,0.01,0.01,0.01,0.01,0.01,0.01,0.01,0.01,0.01,0.01,0.01,0.01,0.01,0.01,0.01,0.01,0.01,0.01,0.01,0.01,0.01,0.01,0.01,0.01,0.01,0.01,0.01,0.01,0.01,0.01,0.01,0.01,0.01,0.01,0.01,0.01,0.01,0.01,0.01,0.01,0.01,0.01,0.01,0.01,0.01,0.01,0.01,0.01,0.01,0.01,0.01,0.01,0.01,0.01,0.01,0.01,0.01,0.01,0.01
2022-11-30,1.0,0.0,0.01,0.01,0.01,0.01,0.01,0.01,0.01,0.01,0.01,0.01,0.01,0.01,0.01,0.01,0.01,0.01,0.01,0.01,0.01,0.01,0.01,0.01,0.01,0.01,0.01,0.01,0.01,0.01,0.01,0.01,0.01,0.01,0.01,0.01,0.01,0.01,0.01,0.01,0.01,0.01,0.01,0.01,0.01,0.01,0.01,0.01,0.01,0.01,0.01,0.01,0.01,0.01,0.01,0.01,0.01,0.01,0.01,0.01,0.01,0.01,0.01,0.01,0.01,0.01,0.01,0.01,0.01,0.01,0.01,0.01,0.01,0.01,0.01,0.01,0.01,0.01,0.01,0.01,0.01,0.01,0.01,0.01,0.01,0.01,0.01,0.01,0.01,0.01,0.01,0.01,0.01,0.01,0.01,0.01,0.01,0.01,0.01,0.01,0.01,0.01
2022-12-30,1.0,0.0,0.01,0.01,0.01,0.01,0.01,0.01,0.01,0.01,0.01,0.01,0.01,0.01,0.01,0.01,0.01,0.01,0.01,0.01,0.01,0.01,0.01,0.01,0.01,0.01,0.01,0.01,0.01,0.01,0.01,0.01,0.01,0.01,0.01,0.01,0.01,0.01,0.01,0.01,0.01,0.01,0.01,0.01,0.01,0.01,0.01,0.01,0.01,0.01,0.01,0.01,0.01,0.01,0.01,0.01,0.01,0.01,0.01,0.01,0.01,0.01,0.01,0.01,0.01,0.01,0.01,0.01,0.01,0.01,0.01,0.01,0.01,0.01,0.01,0.01,0.01,0.01,0.01,0.01,0.01,0.01,0.01,0.01,0.01,0.01,0.01,0.01,0.01,0.01,0.01,0.01,0.01,0.01,0.01,0.01,0.01,0.01,0.01,0.01,0.01,0.01
2023-01-31,1.0,0.0,0.01,0.01,0.01,0.01,0.01,0.01,0.01,0.01,0.01,0.01,0.01,0.01,0.01,0.01,0.01,0.01,0.01,0.01,0.01,0.01,0.01,0.01,0.01,0.01,0.01,0.01,0.01,0.01,0.01,0.01,0.01,0.01,0.01,0.01,0.01,0.01,0.01,0.01,0.01,0.01,0.01,0.01,0.01,0.01,0.01,0.01,0.01,0.01,0.01,0.01,0.01,0.01,0.01,0.01,0.01,0.01,0.01,0.01,0.01,0.01,0.01,0.01,0.01,0.01,0.01,0.01,0.01,0.01,0.01,0.01,0.01,0.01,0.01,0.01,0.01,0.01,0.01,0.01,0.01,0.01,0.01,0.01,0.01,0.01,0.01,0.01,0.01,0.01,0.01,0.01,0.01,0.01,0.01,0.01,0.01,0.01,0.01,0.01,0.01,0.01
2023-02-28,1.0,0.0,0.01,0.01,0.01,0.01,0.01,0.01,0.01,0.01,0.01,0.01,0.01,0.01,0.01,0.01,0.01,0.01,0.01,0.01,0.01,0.01,0.01,0.01,0.01,0.01,0.01,0.01,0.01,0.01,0.01,0.01,0.01,0.01,0.01,0.01,0.01,0.01,0.01,0.01,0.01,0.01,0.01,0.01,0.01,0.01,0.01,0.01,0.01,0.01,0.01,0.01,0.01,0.01,0.01,0.01,0.01,0.01,0.01,0.01,0.01,0.01,0.01,0.01,0.01,0.01,0.01,0.01,0.01,0.01,0.01,0.01,0.01,0.01,0.01,0.01,0.01,0.01,0.01,0.01,0.01,0.01,0.01,0.01,0.01,0.01,0.01,0.01,0.01,0.01,0.01,0.01,0.01,0.01,0.01,0.01,0.01,0.01,0.01,0.01,0.01,0.01
2023-03-31,1.0,0.0,0.01,0.01,0.01,0.01,0.01,0.01,0.01,0.01,0.01,0.01,0.01,0.01,0.01,0.01,0.01,0.01,0.01,0.01,0.01,0.01,0.01,0.01,0.01,0.01,0.01,0.01,0.01,0.01,0.01,0.01,0.01,0.01,0.01,0.01,0.01,0.01,0.01,0.01,0.01,0.01,0.01,0.01,0.01,0.01,0.01,0.01,0.01,0.01,0.01,0.01,0.01,0.01,0.01,0.01,0.01,0.01,0.01,0.01,0.01,0.01,0.01,0.01,0.01,0.01,0.01,0.01,0.01,0.01,0.01,0.01,0.01,0.01,0.01,0.01,0.01,0.01,0.01,0.01,0.01,0.01,0.01,0.01,0.01,0.01,0.01,0.01,0.01,0.01,0.01,0.01,0.01,0.01,0.01,0.01,0.01,0.01,0.01,0.01,0.01,0.01
2023-04-28,1.0,0.0,0.01,0.01,0.01,0.01,0.01,0.01,0.01,0.01,0.01,0.01,0.01,0.01,0.01,0.01,0.01,0.01,0.01,0.01,0.01,0.01,0.01,0.01,0.01,0.01,0.01,0.01,0.01,0.01,0.01,0.01,0.01,0.01,0.01,0.01,0.01,0.01,0.01,0.01,0.01,0.01,0.01,0.01,0.01,0.01,0.01,0.01,0.01,0.01,0.01,0.01,0.01,0.01,0.01,0.01,0.01,0.01,0.01,0.01,0.01,0.01,0.01,0.01,0.01,0.01,0.01,0.01,0.01,0.01,0.01,0.01,0.01,0.01,0.01,0.01,0.01,0.01,0.01,0.01,0.01,0.01,0.01,0.01,0.01,0.01,0.01,0.01,0.01,0.01,0.01,0.01,0.01,0.01,0.01,0.01,0.01,0.01,0.01,0.01,0.01,0.01
2023-05-31,1.0,0.0,0.01,0.01,0.01,0.01,0.01,0.01,0.01,0.01,0.01,0.01,0.01,0.01,0.01,0.01,0.01,0.01,0.01,0.01,0.01,0.01,0.01,0.01,0.01,0.01,0.01,0.01,0.01,0.01,0.01,0.01,0.01,0.01,0.01,0.01,0.01,0.01,0.01,0.01,0.01,0.01,0.01,0.01,0.01,0.01,0.01,0.01,0.01,0.01,0.01,0.01,0.01,0.01,0.01,0.01,0.01,0.01,0.01,0.01,0.01,0.01,0.01,0.01,0.01,0.01,0.01,0.01,0.01,0.01,0.01,0.01,0.01,0.01,0.01,0.01,0.01,0.01,0.01,0.01,0.01,0.01,0.01,0.01,0.01,0.01,0.01,0.01,0.01,0.01,0.01,0.01,0.01,0.01,0.01,0.01,0.01,0.01,0.01,0.01,0.01,0.01
2023-06-30,1.0,0.0,0.01,0.01,0.01,0.01,0.01,0.01,0.01,0.01,0.01,0.01,0.01,0.01,0.01,0.01,0.01,0.01,0.01,0.01,0.01,0.01,0.01,0.01,0.01,0.01,0.01,0.01,0.01,0.01,0.01,0.01,0.01,0.01,0.01,0.01,0.01,0.01,0.01,0.01,0.01,0.01,0.01,0.01,0.01,0.01,0.01,0.01,0.01,0.01,0.01,0.01,0.01,0.01,0.01,0.01,0.01,0.01,0.01,0.01,0.01,0.01,0.01,0.01,0.01,0.01,0.01,0.01,0.01,0.01,0.01,0.01,0.01,0.01,0.01,0.01,0.01,0.01,0.01,0.01,0.01,0.01,0.01,0.01,0.01,0.01,0.01,0.01,0.01,0.01,0.01,0.01,0.01,0.01,0.01,0.01,0.01,0.01,0.01,0.01,0.01,0.01
2023-07-31,1.0,0.0,0.01,0.01,0.01,0.01,0.01,0.01,0.01,0.01,0.01,0.01,0.01,0.01,0.01,0.01,0.01,0.01,0.01,0.01,0.01,0.01,0.01,0.01,0.01,0.01,0.01,0.01,0.01,0.01,0.01,0.01,0.01,0.01,0.01,0.01,0.01,0.01,0.01,0.01,0.01,0.01,0.01,0.01,0.01,0.01,0.01,0.01,0.01,0.01,0.01,0.01,0.01,0.01,0.01,0.01,0.01,0.01,0.01,0.01,0.01,0.01,0.01,0.01,0.01,0.01,0.01,0.01,0.01,0.01,0.01,0.01,0.01,0.01,0.01,0.01,0.01,0.01,0.01,0.01,0.01,0.01,0.01,0.01,0.01,0.01,0.01,0.01,0.01,0.01,0.01,0.01,0.01,0.01,0.01,0.01,0.01,0.01,0.01,0.01,0.01,0.01
2023-08-31,1.0,0.0,0.01,0.01,0.01,0.01,0.01,0.01,0.01,0.01,0.01,0.01,0.01,0.01,0.01,0.01,0.01,0.01,0.01,0.01,0.01,0.01,0.01,0.01,0.01,0.01,0.01,0.01,0.01,0.01,0.01,0.01,0.01,0.01,0.01,0.01,0.01,0.01,0.01,0.01,0.01,0.01,0.01,0.01,0.01,0.01,0.01,0.01,0.01,0.01,0.01,0.01,0.01,0.01,0.01,0.01,0.01,0.01,0.01,0.01,0.01,0.01,0.01,0.01,0.01,0.01,0.01,0.01,0.01,0.01,0.01,0.01,0.01,0.01,0.01,0.01,0.01,0.01,0.01,0.01,0.01,0.01,0.01,0.01,0.01,0.01,0.01,0.01,0.01,0.01,0.01,0.01,0.01,0.01,0.01,0.01,0.01,0.01,0.01,0.01,0.01,0.01
2023-09-29,1.0,0.0,0.01,0.01,0.01,0.01,0.01,0.01,0.01,0.01,0.01,0.01,0.01,0.01,0.01,0.01,0.01,0.01,0.01,0.01,0.01,0.01,0.01,0.01,0.01,0.01,0.01,0.01,0.01,0.01,0.01,0.01,0.01,0.01,0.01,0.01,0.01,0.01,0.01,0.01,0.01,0.01,0.01,0.01,0.01,0.01,0.01,0.01,0.01,0.01,0.01,0.01,0.01,0.01,0.01,0.01,0.01,0.01,0.01,0.01,0.01,0.01,0.01,0.01,0.01,0.01,0.01,0.01,0.01,0.01,0.01,0.01,0.01,0.01,0.01,0.01,0.01,0.01,0.01,0.01,0.01,0.01,0.01,0.01,0.01,0.01,0.01,0.01,0.01,0.01,0.01,0.01,0.01,0.01,0.01,0.01,0.01,0.01,0.01,0.01,0.01,0.01
2023-10-31,1.0,0.0,0.01,0.01,0.01,0.01,0.01,0.01,0.01,0.01,0.01,0.01,0.01,0.01,0.01,0.01,0.01,0.01,0.01,0.01,0.01,0.01,0.01,0.01,0.01,0.01,0.01,0.01,0.01,0.01,0.01,0.01,0.01,0.01,0.01,0.01,0.01,0.01,0.01,0.01,0.01,0.01,0.01,0.01,0.01,0.01,0.01,0.01,0.01,0.01,0.01,0.01,0.01,0.01,0.01,0.01,0.01,0.01,0.01,0.01,0.01,0.01,0.01,0.01,0.01,0.01,0.01,0.01,0.01,0.01,0.01,0.01,0.01,0.01,0.01,0.01,0.01,0.01,0.01,0.01,0.01,0.01,0.01,0.01,0.01,0.01,0.01,0.01,0.01,0.01,0.01,0.01,0.01,0.01,0.01,0.01,0.01,0.01,0.01,0.01,0.01,0.01
2023-11-30,1.0,0.0,0.01,0.01,0.01,0.01,0.01,0.01,0.01,0.01,0.01,0.01,0.01,0.01,0.01,0.01,0.01,0.01,0.01,0.01,0.01,0.01,0.01,0.01,0.01,0.01,0.01,0.01,0.01,0.01,0.01,0.01,0.01,0.01,0.01,0.01,0.01,0.01,0.01,0.01,0.01,0.01,0.01,0.01,0.01,0.01,0.01,0.01,0.01,0.01,0.01,0.01,0.01,0.01,0.01,0.01,0.01,0.01,0.01,0.01,0.01,0.01,0.01,0.01,0.01,0.01,0.01,0.01,0.01,0.01,0.01,0.01,0.01,0.01,0.01,0.01,0.01,0.01,0.01,0.01,0.01,0.01,0.01,0.01,0.01,0.01,0.01,0.01,0.01,0.01,0.01,0.01,0.01,0.01,0.01,0.01,0.01,0.01,0.01,0.01,0.01,0.01
2023-12-29,1.0,0.0,0.01,0.01,0.01,0.01,0.01,0.01,0.01,0.01,0.01,0.01,0.01,0.01,0.01,0.01,0.01,0.01,0.01,0.01,0.01,0.01,0.01,0.01,0.01,0.01,0.01,0.01,0.01,0.01,0.01,0.01,0.01,0.01,0.01,0.01,0.01,0.01,0.01,0.01,0.01,0.01,0.01,0.01,0.01,0.01,0.01,0.01,0.01,0.01,0.01,0.01,0.01,0.01,0.01,0.01,0.01,0.01,0.01,0.01,0.01,0.01,0.01,0.01,0.01,0.01,0.01,0.01,0.01,0.01,0.01,0.01,0.01,0.01,0.01,0.01,0.01,0.01,0.01,0.01,0.01,0.01,0.01,0.01,0.01,0.01,0.01,0.01,0.01,0.01,0.01,0.01,0.01,0.01,0.01,0.01,0.01,0.01,0.01,0.01,0.01,0.01
2024-01-31,1.0,0.0,0.01,0.01,0.01,0.01,0.01,0.01,0.01,0.01,0.01,0.01,0.01,0.01,0.01,0.01,0.01,0.01,0.01,0.01,0.01,0.01,0.01,0.01,0.01,0.01,0.01,0.01,0.01,0.01,0.01,0.01,0.01,0.01,0.01,0.01,0.01,0.01,0.01,0.01,0.01,0.01,0.01,0.01,0.01,0.01,0.01,0.01,0.01,0.01,0.01,0.01,0.01,0.01,0.01,0.01,0.01,0.01,0.01,0.01,0.01,0.01,0.01,0.01,0.01,0.01,0.01,0.01,0.01,0.01,0.01,0.01,0.01,0.01,0.01,0.01,0.01,0.01,0.01,0.01,0.01,0.01,0.01,0.01,0.01,0.01,0.01,0.01,0.01,0.01,0.01,0.01,0.01,0.01,0.01,0.01,0.01,0.01,0.01,0.01,0.01,0.01
2024-02-29,1.0,0.0,0.01,0.01,0.01,0.01,0.01,0.01,0.01,0.01,0.01,0.01,0.01,0.01,0.01,0.01,0.01,0.01,0.01,0.01,0.01,0.01,0.01,0.01,0.01,0.01,0.01,0.01,0.01,0.01,0.01,0.01,0.01,0.01,0.01,0.01,0.01,0.01,0.01,0.01,0.01,0.01,0.01,0.01,0.01,0.01,0.01,0.01,0.01,0.01,0.01,0.01,0.01,0.01,0.01,0.01,0.01,0.01,0.01,0.01,0.01,0.01,0.01,0.01,0.01,0.01,0.01,0.01,0.01,0.01,0.01,0.01,0.01,0.01,0.01,0.01,0.01,0.01,0.01,0.01,0.01,0.01,0.01,0.01,0.01,0.01,0.01,0.01,0.01,0.01,0.01,0.01,0.01,0.01,0.01,0.01,0.01,0.01,0.01,0.01,0.01,0.01
2024-03-28,1.0,0.0,0.01,0.01,0.01,0.01,0.01,0.01,0.01,0.01,0.01,0.01,0.01,0.01,0.01,0.01,0.01,0.01,0.01,0.01,0.01,0.01,0.01,0.01,0.01,0.01,0.01,0.01,0.01,0.01,0.01,0.01,0.01,0.01,0.01,0.01,0.01,0.01,0.01,0.01,0.01,0.01,0.01,0.01,0.01,0.01,0.01,0.01,0.01,0.01,0.01,0.01,0.01,0.01,0.01,0.01,0.01,0.01,0.01,0.01,0.01,0.01,0.01,0.01,0.01,0.01,0.01,0.01,0.01,0.01,0.01,0.01,0.01,0.01,0.01,0.01,0.01,0.01,0.01,0.01,0.01,0.01,0.01,0.01,0.01,0.01,0.01,0.01,0.01,0.01,0.01,0.01,0.01,0.01,0.01,0.01,0.01,0.01,0.01,0.01,0.01,0.01
2024-04-30,1.0,0.0,0.01,0.01,0.01,0.01,0.01,0.01,0.01,0.01,0.01,0.01,0.01,0.01,0.01,0.01,0.01,0.01,0.01,0.01,0.01,0.01,0.01,0.01,0.01,0.01,0.01,0.01,0.01,0.01,0.01,0.01,0.01,0.01,0.01,0.01,0.01,0.01,0.01,0.01,0.01,0.01,0.01,0.01,0.01,0.01,0.01,0.01,0.01,0.01,0.01,0.01,0.01,0.01,0.01,0.01,0.01,0.01,0.01,0.01,0.01,0.01,0.01,0.01,0.01,0.01,0.01,0.01,0.01,0.01,0.01,0.01,0.01,0.01,0.01,0.01,0.01,0.01,0.01,0.01,0.01,0.01,0.01,0.01,0.01,0.01,0.01,0.01,0.01,0.01,0.01,0.01,0.01,0.01,0.01,0.01,0.01,0.01,0.01,0.01,0.01,0.01
2024-05-31,1.0,0.0,0.01,0.01,0.01,0.01,0.01,0.01,0.01,0.01,0.01,0.01,0.01,0.01,0.01,0.01,0.01,0.01,0.01,0.01,0.01,0.01,0.01,0.01,0.01,0.01,0.01,0.01,0.01,0.01,0.01,0.01,0.01,0.01,0.01,0.01,0.01,0.01,0.01,0.01,0.01,0.01,0.01,0.01,0.01,0.01,0.01,0.01,0.01,0.01,0.01,0.01,0.01,0.01,0.01,0.01,0.01,0.01,0.01,0.01,0.01,0.01,0.01,0.01,0.01,0.01,0.01,0.01,0.01,0.01,0.01,0.01,0.01,0.01,0.01,0.01,0.01,0.01,0.01,0.01,0.01,0.01,0.01,0.01,0.01,0.01,0.01,0.01,0.01,0.01,0.01,0.01,0.01,0.01,0.01,0.01,0.01,0.01,0.01,0.01,0.01,0.01
2024-06-28,1.0,1.1428984228941077,0.005323295210334766,0.013915979217632747,0.05236762216100053,0.0024913364144323017,0.005845563643091123,0.0003300101110573124,0.005125531421829492,0.01649752595637946,0.018291764214692377,0.002220149258857919,0.007499362896322204,0.010198886205743442,0.00746415402789625,0.0006515555029169136,0.005855739625479749,0.012786899960746893,0.004533075150026699,0.006157254183931054,0.001833055545683393,0.10227384629506228,0.011250188821194287,0.0013741329534401935,0.0044272745380369285,0.017427670059393188,0.0014121411036109653,0.004464428878949883,0.0030189685852477317,0.002060587395416689,0.02127119782065397,0.0036215668176463483,0.013754125955823768,0.0004423472341599487,0.0004626358134450812,0.005143194232825611,0.0010960921128197586,0.0006142036590404341,0.0003002747612692924,0.028028817076806364,0.08716996021378004,0.0015104639521915874,0.0036943953101456887,0.00010066873620138488,0.07533278176888479,0.0031076164261485007,0.006195321947148769,3.699301018052186e-05,0.0008501247965778849,0.0031509856330793977,0.03282849656766548,0.000648332044449833,0.0007367804652046045,0.0005359441551637417,0.00032385922808739946,0.0018725615137487007,0.0006533615828546945,0.0007227646254530808,0.002155060621651566,0.0032130262361449776,0.00024796526442345416,0.002631805773941352,0.001086863453263082,0.0002788871643529088,0.0010946400537568052,0.0012408431785764702,0.00048672157508886007,0.0034385026166303513,0.0070067131620314685,0.0026256859021063514,0.010955270147589746,0.008410858218357178,0.08259668537897469,0.020536431365837673,0.009587996215422027,0.0008037825458353806,0.000999294793856476,0.0009527119804080332,0.03209688894598802,0.009169487451170976,0.0022695522459648654,0.001857023879813833,0.007015556710848091,0.0012656248975458277,0.004243348691386432,0.1102143310648731,0.007316142483653303,0.006527405656719387,0.005493674680920644,0.0019630434693306705,0.00288570430475576,0.002976418271662863,0.0001920947172012986,0.0002155283683280978,0.011653842248330912,0.0019037698822111032,0.0006042348807322568,0.0006710691704618489,0.0004257421386510883,0.0003939804334290268,0.0006693818762422369,0.0063225410816660325
2024-07-31,1.0,1.1428984228941077,0.01,0.01,0.01,0.01,0.01,0.01,0.01,0.01,0.01,0.01,0.01,0.01,0.01,0.01,0.01,0.01,0.01,0.01,0.01,0.01,0.01,0.01,0.01,0.01,0.01,0.01,0.01,0.01,0.01,0.01,0.01,0.01,0.01,0.01,0.01,0.01,0.01,0.01,0.01,0.01,0.01,0.01,0.01,0.01,0.01,0.01,0.01,0.01,0.01,0.01,0.01,0.01,0.01,0.01,0.01,0.01,0.01,0.01,0.01,0.01,0.01,0.01,0.01,0.01,0.01,0.01,0.01,0.01,0.01,0.01,0.01,0.01,0.01,0.01,0.01,0.01,0.01,0.01,0.01,0.01,0.01,0.01,0.01,0.01,0.01,0.01,0.01,0.01,0.01,0.01,0.01,0.01,0.01,0.01,0.01,0.01,0.01,0.01,0.01,0.01
2024-08-30,1.0,1.2158444837869438,0.0009226923252354896,0.012125474831538677,0.06256562300000051,0.012901196373368399,0.0018725727655193652,0.0005123874203280839,0.0027308152067485993,0.007440605839371046,0.020966395567024464,0.000638265389743944,0.0065353786008783225,0.012024516881422745,0.00886577402303086,0.0006721291524868089,0.0036110792993156605,0.018719559030855863,0.0022703486492010117,0.006976064496408489,0.0014752008605899754,0.0878960314931595,0.006941689165315058,0.001801957994141851,0.0009056575906819251,0.00557955318182458,0.0006600464896026821,0.009790767652379809,0.009186867891502165,0.0009676013118887107,0.007698224518179831,0.015139044697264223,0.002521572801785997,0.0003967544611151133,0.0004359515421588967,0.01621412241203389,0.001191887736570493,0.0004515312270378981,0.00021157073840919187,0.0340786919901322,0.0923891442713037,0.0017244122772341979,0.005994682801119717,0.00015219596636906776,0.1858428613473162,0.0028280941580923,0.003592689271253763,4.8272019066035095e-05,0.00032839559016494804,0.001911272287944937,0.014649357422373502,0.00042463737360928176,0.0006644914828196188,0.0002798706705756187,0.00038227585995131026,4.03012239816354e-05,0.0008081287391019846,0.0004117466699707629,0.001001791658364717,0.002973986221565672,0.0003897479831023434,0.0025796707466277944,0.0008297048876651459,0.000476345009746477,0.0011722322549405485,0.0016731823376635,0.00048345231852618475,0.002400501346751869,0.0038340006895986067,0.0016340611162828395,0.022398474636973163,0.0030946911741921903,0.022847616492256938,0.07003218770199149,0.003366660380598008,0.0004999788340736206,0.0007978253875400687,0.001113501978191653,0.06446171976664866,0.00530620206619528,0.0020914010719980543,0.0016038350168381193,0.002644755419131288,0.0014721243769298057,0.0010270911000231054,0.02172608595138893,0.008316486233908085,0.009743913741154069,0.00722975472715585,0.003923323975261309,0.002580280661271384,0.006073818997636611,0.00014585094451883754,0.00031599696920224155,0.010944138026418849,0.0007993920957041574,0.0014150881250833544,0.0010311396220001384,0.00028803557477843195,0.0005140252601008463,0.0005074408276410653,0.0038700522518577796
2024-09-30,1.0,1.2158444837869438,0.01,0.01,0.01,0.01,0.01,0.01,0.01,0.01,0.01,0.01,0.01,0.01,0.01,0.01,0.01,0.01,0.01,0.01,0.01,0.01,0.01,0.01,0.01,0.01,0.01,0.01,0.01,0.01,0.01,0.01,0.01,0.01,0.01,0.01,0.01,0.01,0.01,0.01,0.01,0.01,0.01,0.01,0.01,0.01,0.01,0.01,0.01,0.01,0.01,0.01,0.01,0.01,0.01,0.01,0.01,0.01,0.01,0.01,0.01,0.01,0.01,0.01,0.01,0.01,0.01,0.01,0.01,0.01,0.01,0.01,0.01,0.01,0.01,0.01,0.01,0.01,0.01,0.01,0.01,0.01,0.01,0.01,0.01,0.01,0.01,0.01,0.01,0.01,0.01,0.01,0.01,0.01,0.01,0.01,0.01,0.01,0.01,0.01,0.01,0.01
2024-10-31,1.0,0.0,0.01,0.01,0.01,0.01,0.01,0.01,0.01,0.01,0.01,0.01,0.01,0.01,0.01,0.01,0.01,0.01,0.01,0.01,0.01,0.01,0.01,0.01,0.01,0.01,0.01,0.01,0.01,0.01,0.01,0.01,0.01,0.01,0.01,0.01,0.01,0.01,0.01,0.01,0.01,0.01,0.01,0.01,0.01,0.01,0.01,0.01,0.01,0.01,0.01,0.01,0.01,0.01,0.01,0.01,0.01,0.01,0.01,0.01,0.01,0.01,0.01,0.01,0.01,0.01,0.01,0.01,0.01,0.01,0.01,0.01,0.01,0.01,0.01,0.01,0.01,0.01,0.01,0.01,0.01,0.01,0.01,0.01,0.01,0.01,0.01,0.01,0.01,0.01,0.01,0.01,0.01,0.01,0.01,0.01,0.01,0.01,0.01,0.01,0.01,0.01
2024-11-29,1.0,0.0,0.01,0.01,0.01,0.01,0.01,0.01,0.01,0.01,0.01,0.01,0.01,0.01,0.01,0.01,0.01,0.01,0.01,0.01,0.01,0.01,0.01,0.01,0.01,0.01,0.01,0.01,0.01,0.01,0.01,0.01,0.01,0.01,0.01,0.01,0.01,0.01,0.01,0.01,0.01,0.01,0.01,0.01,0.01,0.01,0.01,0.01,0.01,0.01,0.01,0.01,0.01,0.01,0.01,0.01,0.01,0.01,0.01,0.01,0.01,0.01,0.01,0.01,0.01,0.01,0.01,0.01,0.01,0.01,0.01,0.01,0.01,0.01,0.01,0.01,0.01,0.01,0.01,0.01,0.01,0.01,0.01,0.01,0.01,0.01,0.01,0.01,0.01,0.01,0.01,0.01,0.01,0.01,0.01,0.01,0.01,0.01,0.01,0.01,0.01,0.01
2024-12-31,1.0,0.0,0.01,0.01,0.01,0.01,0.01,0.01,0.01,0.01,0.01,0.01,0.01,0.01,0.01,0.01,0.01,0.01,0.01,0.01,0.01,0.01,0.01,0.01,0.01,0.01,0.01,0.01,0.01,0.01,0.01,0.01,0.01,0.01,0.01,0.01,0.01,0.01,0.01,0.01,0.01,0.01,0.01,0.01,0.01,0.01,0.01,0.01,0.01,0.01,0.01,0.01,0.01,0.01,0.01,0.01,0.01,0.01,0.01,0.01,0.01,0.01,0.01,0.01,0.01,0.01,0.01,0.01,0.01,0.01,0.01,0.01,0.01,0.01,0.01,0.01,0.01,0.01,0.01,0.01,0.01,0.01,0.01,0.01,0.01,0.01,0.01,0.01,0.01,0.01,0.01,0.01,0.01,0.01,0.01,0.01,0.01,0.01,0.01,0.01,0.01,0.01
