date,CSCO,VZ,COF,EW,IBM,CAT,MO,AAPL,MSFT,AMZN,JNJ,UNH,XOM,JPM,V,PG,MA,HD,CVX,MRK,KO,WMT,MCD,ABT,ADBE,NKE,DIS,WFC,CMCSA,QCOM,AMGN,UPS,BA,GE,SBUX,GS,MS,T,CI,SO,DUK,USB,CL,MMM,SLB,F,MET,AIG,COP,TGT,AXP,C,BAC,INTC,NSC,FDX,ALL,PEP,PFE,ACN,DHR,BLK,INTU,LOW,DE,GILD,TJX,MMC,CB,SYK,PGR,EOG,TRV,BIIB,ADSK,CRM,LMT,NVDA,APD,SHW,EMR,ITW,BDX,KMB,YUM,ROST,COST,ISRG,ICE,VLO,PLD,PNC,REGN,PM,DG,NEE,GM,SCHW,AON,ADP
2020-01-31,0.01,0.01,0.01,0.01,0.01,0.01,0.01,0.01,0.01,0.01,0.01,0.01,0.01,0.01,0.01,0.01,0.01,0.01,0.01,0.01,0.01,0.01,0.01,0.01,0.01,0.01,0.01,0.01,0.01,0.01,0.01,0.01,0.01,0.01,0.01,0.01,0.01,0.01,0.01,0.01,0.01,0.01,0.01,0.01,0.01,0.01,0.01,0.01,0.01,0.01,0.01,0.01,0.01,0.01,0.01,0.01,0.01,0.01,0.01,0.01,0.01,0.01,0.01,0.01,0.01,0.01,0.01,0.01,0.01,0.01,0.01,0.01,0.01,0.01,0.01,0.01,0.01,0.01,0.01,0.01,0.01,0.01,0.01,0.01,0.01,0.01,0.01,0.01,0.01,0.01,0.01,0.01,0.01,0.01,0.01,0.01,0.01,0.01,0.01,0.01
2020-02-28,0.01,0.01,0.01,0.01,0.01,0.01,0.01,0.01,0.01,0.01,0.01,0.01,0.01,0.01,0.01,0.01,0.01,0.01,0.01,0.01,0.01,0.01,0.01,0.01,0.01,0.01,0.01,0.01,0.01,0.01,0.01,0.01,0.01,0.01,0.01,0.01,0.01,0.01,0.01,0.01,0.01,0.01,0.01,0.01,0.01,0.01,0.01,0.01,0.01,0.01,0.01,0.01,0.01,0.01,0.01,0.01,0.01,0.01,0.01,0.01,0.01,0.01,0.01,0.01,0.01,0.01,0.01,0.01,0.01,0.01,0.01,0.01,0.01,0.01,0.01,0.01,0.01,0.01,0.01,0.01,0.01,0.01,0.01,0.01,0.01,0.01,0.01,0.01,0.01,0.01,0.01,0.01,0.01,0.01,0.01,0.01,0.01,0.01,0.01,0.01
2020-03-31,9.033039321626398e-05,0.30661505928811544,4.430210452314995e-08,0.00010429031786308455,1.777246083820837e-05,1.948238293433112e-05,0.0001421901460539384,1.2021187965309849e-05,1.3213224447559432e-05,0.16158502797722638,0.001121787085657875,6.496212556846965e-06,2.8360449926224665e-06,1.8487032461251736e-06,1.622974379642057e-05,0.0001160886527549457,6.363296447138781e-06,6.055618714248741e-07,5.616293770014618e-07,0.0060375664553713616,5.198693019389087e-05,0.16608269212068924,1.2086209406254793e-05,0.00026809723610006877,6.583181650213427e-06,3.386747846321848e-05,4.568773853677177e-06,3.994562249207103e-07,6.237134383242042e-05,1.8281875477408584e-06,0.000302204861550243,0.012445465682488588,3.3705030605192083e-09,1.9572046203459222e-06,4.451579959315717e-06,4.347421511661043e-07,5.004083111966975e-07,5.265991880456915e-05,2.9142870955088725e-06,7.566408188550998e-06,5.683367892604587e-06,3.7710156874116705e-06,0.00013703853139868818,0.00023054345979969188,9.105420715320335e-08,6.621703404763565e-06,2.86803180491139e-07,1.4820973185763422e-08,8.68825358700255e-08,0.001319258814749569,4.1784365289912653e-07,6.31354484732512e-08,1.055543141109763e-06,5.218298024071086e-06,7.905978917235529e-07,1.954257555161983e-05,4.006499813509173e-06,5.966097244148051e-06,0.0013392916650321878,3.8385181640690525e-05,0.0013829703743846408,2.4967931920873573e-06,1.0871457438364151e-05,1.8271401795280803e-07,1.4848291555979705e-06,0.06443871473238595,2.210101230830014e-06,8.115863558207097e-05,8.267754443762038e-06,1.2377295222254314e-05,0.0018997866439310613,2.5729259695655493e-07,2.120642504548566e-06,0.00023708245708983647,2.3730797063522865e-05,3.756053573846394e-05,3.2490321075001935e-05,1.6460641643943597e-06,3.3558517717961335e-05,1.0180253669212749e-05,9.458591763653725e-07,1.4028278832783153e-05,0.25530460771544317,0.0015334018408396577,2.2586109197068448e-05,1.7902434232199127e-06,0.007665227425536422,9.775373311935679e-06,1.8630347284382624e-05,4.570515335782646e-07,8.761872137086626e-06,1.5445485956720948e-06,0.0005449982952973564,1.845285195215786e-06,0.007892699893258602,1.01922747131683e-05,7.238542020916298e-07,3.3473253824714044e-05,0.00034072176330735774,3.852162544835066e-06
2020-04-30,0.01,0.01,0.01,0.01,0.01,0.01,0.01,0.01,0.01,0.01,0.01,0.01,0.01,0.01,0.01,0.01,0.01,0.01,0.01,0.01,0.01,0.01,0.01,0.01,0.01,0.01,0.01,0.01,0.01,0.01,0.01,0.01,0.01,0.01,0.01,0.01,0.01,0.01,0.01,0.01,0.01,0.01,0.01,0.01,0.01,0.01,0.01,0.01,0.01,0.01,0.01,0.01,0.01,0.01,0.01,0.01,0.01,0.01,0.01,0.01,0.01,0.01,0.01,0.01,0.01,0.01,0.01,0.01,0.01,0.01,0.01,0.01,0.01,0.01,0.01,0.01,0.01,0.01,0.01,0.01,0.01,0.01,0.01,0.01,0.01,0.01,0.01,0.01,0.01,0.01,0.01,0.01,0.01,0.01,0.01,0.01,0.01,0.01,0.01,0.01
2020-05-29,8.619336516991067e-05,0.3370016862876082,1.893590039642241e-07,5.659989014657998e-05,2.060753237594924e-05,3.31803061824897e-05,0.00019335289985257905,2.0519591273078246e-05,1.8986280519399946e-05,0.08520156072161002,0.00023776338624979565,1.1857312496313933e-05,1.2198161956809033e-05,3.1462152897915886e-06,1.7460773257340986e-05,0.00017092274200690275,1.1780065110689146e-05,2.4328982937985523e-06,1.0780406425794308e-06,0.00045259416539694013,6.57253051122059e-05,0.22105550942177205,1.3346706165249992e-05,0.0002935946633798167,9.177091580098342e-06,3.4955822576690505e-05,1.6345798373640016e-05,1.3387415723377383e-06,4.352916480102746e-05,7.0527735104394994e-06,0.00021886689203416538,0.024781416047605902,5.130105552592164e-08,1.576342273805362e-06,8.50020237113932e-06,1.8556761264596944e-06,1.3906834179343387e-06,7.988448674291783e-05,7.800951005219198e-06,1.2810280745165728e-05,1.5341588233522294e-05,4.746309963855996e-06,0.0001694965713661116,0.0002198587462838669,3.5901023736012797e-07,5.206102417210049e-06,1.2867418884303842e-06,1.2539037007225327e-07,4.5835698621993015e-07,0.0005588474443327618,9.920730724440805e-07,3.433521318545423e-07,3.1635311989444614e-06,7.908019583296677e-06,3.878847812146239e-06,1.6142642105304232e-05,5.1903783647907325e-06,2.7608319108914224e-05,0.0002336202513421203,3.606742852150118e-05,0.00014045183530959196,8.456454825501307e-06,1.627513094076846e-05,8.448707099147169e-07,5.727564221958804e-06,0.09975927243497003,7.222303174869962e-06,3.021917097344559e-05,5.641836408514702e-06,7.51362433751744e-06,0.00035254855084377776,8.064068419548131e-07,2.6695010825927028e-06,8.108962089521261e-05,9.41161752190831e-06,1.9527215112982726e-05,8.72547709452678e-05,2.8230780129209162e-06,2.5101914909406176e-05,1.2276124703526843e-05,3.0669689625387277e-06,2.7899172920994948e-05,0.22562604215077187,0.00042940889847293195,5.5488967009786564e-05,3.0563861619438837e-06,5.495787352231476e-07,9.942375832742378e-06,2.1614945777414254e-05,7.828706380960588e-07,6.31809708284621e-06,2.4931949606740917e-06,0.0005731148981098462,7.987909756263165e-06,0.0009911927177881207,1.2588264449926283e-05,1.0845454239125553e-06,3.495298469197776e-05,9.008891140566662e-05,7.71268231968401e-06
2020-06-30,0.01,0.01,0.01,0.01,0.01,0.01,0.01,0.01,0.01,0.01,0.01,0.01,0.01,0.01,0.01,0.01,0.01,0.01,0.01,0.01,0.01,0.01,0.01,0.01,0.01,0.01,0.01,0.01,0.01,0.01,0.01,0.01,0.01,0.01,0.01,0.01,0.01,0.01,0.01,0.01,0.01,0.01,0.01,0.01,0.01,0.01,0.01,0.01,0.01,0.01,0.01,0.01,0.01,0.01,0.01,0.01,0.01,0.01,0.01,0.01,0.01,0.01,0.01,0.01,0.01,0.01,0.01,0.01,0.01,0.01,0.01,0.01,0.01,0.01,0.01,0.01,0.01,0.01,0.01,0.01,0.01,0.01,0.01,0.01,0.01,0.01,0.01,0.01,0.01,0.01,0.01,0.01,0.01,0.01,0.01,0.01,0.01,0.01,0.01,0.01
2020-07-31,1.4916672382408509e-06,0.3025246466976077,2.8948658527557513e-09,2.4142021517142063e-06,3.638938993436389e-07,4.28041125941385e-07,5.084257710577005e-06,6.590780423407401e-07,5.880090915457016e-07,0.14560879110836794,3.291064724786831e-05,2.7208359691715045e-07,1.1601032159646116e-07,5.3524077917009176e-08,6.809935629787723e-07,9.560592166216022e-06,2.678824778215926e-07,4.3315472234663906e-08,1.733360466692621e-08,0.00010339868944473375,2.099219261141239e-06,0.1885112262453121,4.978294680927913e-07,8.280934501768562e-06,2.8652123247900176e-07,7.962121349860768e-07,2.024494395131494e-07,1.35327109280892e-08,3.1476338263000392e-06,9.994993409619874e-08,1.6998430415881974e-05,0.00030322401855667664,1.1588541762451377e-10,3.249367910884101e-08,1.1395446448405711e-07,2.4646000993283824e-08,1.918418833201643e-08,1.892609062161282e-06,8.355000972685967e-08,3.683652653545161e-07,6.311213877133781e-07,7.018619357134484e-08,1.5872718722652912e-05,3.3306239872599983e-06,2.1217822690929717e-09,1.099971283003456e-07,1.2731559859703412e-08,1.2533537363828818e-09,3.0306146624319133e-09,8.291625101876872e-05,2.418399323918193e-08,2.103527626911246e-09,3.25129643829274e-08,1.381217200527483e-07,4.383089119139532e-08,2.1432710503210733e-07,1.4829020234103598e-07,5.637066645180641e-07,1.140393276311623e-05,1.321035820034714e-06,2.7893118879212605e-05,1.6595610397474551e-07,5.430990752625646e-07,1.7924779545917048e-08,1.0062087972129188e-07,0.07629022015422783,1.9689745224945014e-07,3.3855386719300674e-06,1.410661954077299e-07,2.1907280336523787e-07,3.572946576911549e-05,5.319432461938979e-09,3.9276235373415956e-08,8.967497759952114e-06,5.359909153966594e-07,8.352549890143376e-07,1.0264456358059911e-06,6.677278022739277e-08,8.476916826956678e-07,5.046281443296102e-07,4.411661508343483e-08,1.1370267137275241e-06,0.26857972112054096,0.000694521692978317,2.743895672018855e-06,9.80671639860151e-08,0.009039177231086827,2.845506646653809e-07,7.594992521069736e-07,6.555331486278618e-09,2.2627488989504518e-07,3.981737265726536e-08,0.00013542570367757178,1.8593945602753727e-07,0.007907728237964427,7.767720307242124e-07,2.0921406838319e-08,7.990701919639092e-07,6.6951878079091935e-06,1.2562794597848415e-07
2020-08-31,0.01,0.01,0.01,0.01,0.01,0.01,0.01,0.01,0.01,0.01,0.01,0.01,0.01,0.01,0.01,0.01,0.01,0.01,0.01,0.01,0.01,0.01,0.01,0.01,0.01,0.01,0.01,0.01,0.01,0.01,0.01,0.01,0.01,0.01,0.01,0.01,0.01,0.01,0.01,0.01,0.01,0.01,0.01,0.01,0.01,0.01,0.01,0.01,0.01,0.01,0.01,0.01,0.01,0.01,0.01,0.01,0.01,0.01,0.01,0.01,0.01,0.01,0.01,0.01,0.01,0.01,0.01,0.01,0.01,0.01,0.01,0.01,0.01,0.01,0.01,0.01,0.01,0.01,0.01,0.01,0.01,0.01,0.01,0.01,0.01,0.01,0.01,0.01,0.01,0.01,0.01,0.01,0.01,0.01,0.01,0.01,0.01,0.01,0.01,0.01
2020-09-30,8.355097171025023e-06,0.24658116456552864,2.0165271707067565e-08,1.5593812365212037e-05,1.839585611818813e-06,1.812172277358577e-06,4.733939073093962e-05,3.4862970902055078e-06,3.376076941539993e-06,0.029614177884761426,0.0005249303019766712,1.4830128275191961e-06,5.688932231098827e-07,2.867769837041767e-07,3.989110963695583e-06,0.00012366133303554414,1.2750394100890745e-06,2.0736979297732257e-07,1.217799988876771e-07,0.0007953473246790056,1.3604586658208915e-05,0.29834605947958037,2.9785927722352196e-06,9.773815300597729e-05,1.4447130845321346e-06,4.3948553249314756e-06,8.291256037025463e-07,6.221521627104511e-08,1.8289270387525907e-05,4.7629316195371846e-07,0.00019235652390148564,0.0020783237205062068,1.3204260018272828e-09,1.8381562432715726e-07,5.076447068693494e-07,1.1787742264609627e-07,9.759580913974132e-08,1.1823224311521486e-05,4.141340428835333e-07,1.6649015206908531e-06,3.2754743969804174e-06,3.4076081991687684e-07,0.0001719814595761985,1.9009204288332738e-05,1.5704142083774386e-08,5.980023090983635e-07,5.173009958433479e-08,8.803449547603846e-09,2.1893924149777355e-08,0.0017719677093937744,1.358467230401485e-07,1.3233962701269376e-08,1.4255299535860268e-07,7.315288835214255e-07,1.7689086157939567e-07,9.96061767320344e-07,8.686696621813524e-07,2.4479036126485573e-06,8.905184175430006e-05,7.4397768282311796e-06,0.00023994024728270886,6.873612913503587e-07,2.983336209097508e-06,9.274471943226122e-08,4.678784696197704e-07,0.14069268681730168,8.561248657463176e-07,2.5800455228077212e-05,8.808364737541772e-07,1.0515609139444701e-06,0.00026536002224638455,3.231157017983496e-08,2.5024922218405813e-07,8.434050832378965e-05,3.351461328515518e-06,5.043953245198494e-06,5.365192207722126e-06,3.337715267867611e-07,5.487847978790666e-06,2.6279076793820825e-06,2.282987409424595e-07,6.531970351252004e-06,0.21957493369764464,0.00500183511009746,1.608686616447241e-05,5.700927021294969e-07,0.030340768945838502,1.5038483555188196e-06,4.637674526794667e-06,4.325173994447774e-08,1.214426727426471e-06,2.0799037613392828e-07,0.0023632405806590217,8.913877185728936e-07,0.020723511224215403,4.361236486743996e-06,1.3683727161219182e-07,4.147470269839201e-06,4.7184802697851067e-05,6.446161720294413e-07
2020-10-30,5.767712029478939e-07,0.23222251731551424,1.8492543282778174e-10,1.1554071366618097e-06,6.166372952453796e-08,8.206317896210904e-08,4.6755037854858674e-06,1.8279836031846758e-07,1.295821619640548e-07,0.049838387844353856,7.601576687776565e-05,4.5930650789004563e-08,1.4039631533383337e-08,5.725144681648101e-09,1.555744674269636e-07,1.6069418703908938e-05,3.98175958065013e-08,3.9375992190380026e-09,1.7679173307060573e-09,9.16767769718607e-05,9.9753774268688e-07,0.29789844610281246,1.0550183852849256e-07,1.1871159089742941e-05,4.4183410008585775e-08,2.359584537972113e-07,2.381112383697162e-08,8.816042296918873e-10,1.3037505361654105e-06,1.1200113491412094e-08,2.3988058563648707e-05,0.0003251944085292326,5.0052121171787014e-12,3.2213580545771856e-09,1.2434354211053348e-08,1.9377189991382737e-09,1.5030891970704697e-09,8.714655780179491e-07,9.418138869666852e-09,7.558596367158959e-08,1.6824034154343156e-07,7.448431401016985e-09,2.136004860018994e-05,1.5989227235892736e-06,1.320745931354183e-10,1.4355788148239886e-08,7.316865210322526e-10,6.477780355805696e-11,2.0284961079715693e-10,0.00023384476787923945,2.1955883050745584e-09,1.1256424159236511e-10,2.557980045411308e-09,1.878007115092451e-08,3.4215479369749893e-09,2.878908960246269e-08,2.20498539281275e-08,1.2365093503173002e-07,9.421542371945648e-06,4.442222134266191e-07,2.6684406715542515e-05,1.9255732754303282e-08,1.1254540703529034e-07,1.3975011124138602e-09,1.107656104470202e-08,0.13859348485612635,2.519136949383068e-08,1.3451838649308161e-06,2.2475891823081506e-08,3.121702892297555e-08,2.858531009301658e-05,3.5083169914917287e-10,4.504491811672349e-09,8.54807763532523e-06,1.171214904846805e-07,2.0040855405283024e-07,3.5628438665255623e-07,7.106032315105094e-09,2.342482269726289e-07,9.634027545302449e-08,4.334450280298646e-09,3.752087052473614e-07,0.23926626953928007,0.0011215203482462153,1.156745995527361e-06,1.3209584391025756e-08,0.007043733580717286,4.688136165147748e-08,1.7996280577322182e-07,4.948995715481279e-10,3.5270909706160733e-08,3.874428464155765e-09,0.0003207894927275755,2.4624840398216575e-08,0.032799605945739024,2.3596367387555748e-07,2.0959079379025107e-09,2.148484260726072e-07,3.825676003639916e-06,1.6290778665776194e-08
2020-11-30,0.00018565793677465797,0.36834346669326695,1.2804799998307553e-06,0.00026507404180172876,4.778486115681408e-05,5.918106381205682e-05,0.0006118004503663022,9.100973449541499e-05,7.22667439017057e-05,0.025696875898071642,0.0034178109821106904,3.8736810617222465e-05,1.954178307007962e-05,1.0948549408613333e-05,7.899542000595293e-05,0.0012855693716417713,3.754531210787076e-05,9.120901475084152e-06,4.880581319902652e-06,0.003214929296859553,0.0002418918647849228,0.141486361222617,6.116530289361671e-05,0.0011088980289818225,3.827508587476415e-05,0.00010358813563303967,2.8834313947125057e-05,3.79361156351131e-06,0.0002709666026224292,1.7129997336984593e-05,0.0015128720734308824,0.006032054531641521,1.2602688584160834e-07,7.62356200886945e-06,1.8730087090587405e-05,5.975286589767885e-06,5.025302885480997e-06,0.00023045414294358218,1.530257256438643e-05,5.642085813652666e-05,8.651688769810862e-05,1.3414290943540094e-05,0.0014535357702682053,0.000340292531002201,1.0272900697004005e-06,1.8922286941496984e-05,3.566662712694109e-06,6.854602001502609e-07,1.3368957897464922e-06,0.007245205282386458,6.059353773847297e-06,9.918672383117949e-07,7.331210939423749e-06,2.2583564568764745e-05,8.981199950984966e-06,3.078220034352949e-05,2.3563701617501685e-05,7.635876322522264e-05,0.0008729610387449928,0.00014819522712408804,0.001450324042089559,2.5647429382177888e-05,6.745876050393496e-05,4.776051384607147e-06,1.718739635422285e-05,0.0884232723357146,2.9786144652482e-05,0.00024954231054215824,2.3555029021952292e-05,3.2372129800769025e-05,0.0014174874620090934,1.9716362691475257e-06,8.835285654448937e-06,0.0007961921165537619,6.29551451593529e-05,8.935131569526563e-05,0.00014504181852672383,1.2840824637923365e-05,9.990134136401245e-05,6.246905122302075e-05,9.378505460035725e-06,0.0001328167104310756,0.2521684442834027,0.013672020508545645,0.0002586064206957584,1.7528816915721455e-05,0.034209160831996405,3.9478098410128296e-05,8.333596700236729e-05,2.354488515263303e-06,3.271148708977143e-05,8.780905095460047e-06,0.007753990121496919,2.7495661000204042e-05,0.032766237842061154,0.00010335006005379822,5.54799638141726e-06,9.708941473443345e-05,0.0004693542325547211,2.1073013382304603e-05
2020-12-31,0.01,0.01,0.01,0.01,0.01,0.01,0.01,0.01,0.01,0.01,0.01,0.01,0.01,0.01,0.01,0.01,0.01,0.01,0.01,0.01,0.01,0.01,0.01,0.01,0.01,0.01,0.01,0.01,0.01,0.01,0.01,0.01,0.01,0.01,0.01,0.01,0.01,0.01,0.01,0.01,0.01,0.01,0.01,0.01,0.01,0.01,0.01,0.01,0.01,0.01,0.01,0.01,0.01,0.01,0.01,0.01,0.01,0.01,0.01,0.01,0.01,0.01,0.01,0.01,0.01,0.01,0.01,0.01,0.01,0.01,0.01,0.01,0.01,0.01,0.01,0.01,0.01,0.01,0.01,0.01,0.01,0.01,0.01,0.01,0.01,0.01,0.01,0.01,0.01,0.01,0.01,0.01,0.01,0.01,0.01,0.01,0.01,0.01,0.01,0.01
2021-01-29,8.355097171025023e-06,0.24658116456552864,2.0165271707067565e-08,1.5593812365212037e-05,1.839585611818813e-06,1.812172277358577e-06,4.733939073093962e-05,3.4862970902055078e-06,3.376076941539993e-06,0.029614177884761426,0.0005249303019766712,1.4830128275191961e-06,5.688932231098827e-07,2.867769837041767e-07,3.989110963695583e-06,0.00012366133303554414,1.2750394100890745e-06,2.0736979297732257e-07,1.217799988876771e-07,0.0007953473246790056,1.3604586658208915e-05,0.29834605947958037,2.9785927722352196e-06,9.773815300597729e-05,1.4447130845321346e-06,4.3948553249314756e-06,8.291256037025463e-07,6.221521627104511e-08,1.8289270387525907e-05,4.7629316195371846e-07,0.00019235652390148564,0.0020783237205062068,1.3204260018272828e-09,1.8381562432715726e-07,5.076447068693494e-07,1.1787742264609627e-07,9.759580913974132e-08,1.1823224311521486e-05,4.141340428835333e-07,1.6649015206908531e-06,3.2754743969804174e-06,3.4076081991687684e-07,0.0001719814595761985,1.9009204288332738e-05,1.5704142083774386e-08,5.980023090983635e-07,5.173009958433479e-08,8.803449547603846e-09,2.1893924149777355e-08,0.0017719677093937744,1.358467230401485e-07,1.3233962701269376e-08,1.4255299535860268e-07,7.315288835214255e-07,1.7689086157939567e-07,9.96061767320344e-07,8.686696621813524e-07,2.4479036126485573e-06,8.905184175430006e-05,7.4397768282311796e-06,0.00023994024728270886,6.873612913503587e-07,2.983336209097508e-06,9.274471943226122e-08,4.678784696197704e-07,0.14069268681730168,8.561248657463176e-07,2.5800455228077212e-05,8.808364737541772e-07,1.0515609139444701e-06,0.00026536002224638455,3.231157017983496e-08,2.5024922218405813e-07,8.434050832378965e-05,3.351461328515518e-06,5.043953245198494e-06,5.365192207722126e-06,3.337715267867611e-07,5.487847978790666e-06,2.6279076793820825e-06,2.282987409424595e-07,6.531970351252004e-06,0.21957493369764464,0.00500183511009746,1.608686616447241e-05,5.700927021294969e-07,0.030340768945838502,1.5038483555188196e-06,4.637674526794667e-06,4.325173994447774e-08,1.214426727426471e-06,2.0799037613392828e-07,0.0023632405806590217,8.913877185728936e-07,0.020723511224215403,4.361236486743996e-06,1.3683727161219182e-07,4.147470269839201e-06,4.7184802697851067e-05,6.446161720294413e-07
2021-02-26,9.355839911377938e-06,0.5171395159222264,2.4016113588974428e-08,1.3140400123898371e-05,1.9946904453300245e-06,2.6685587329701322e-06,3.274090513523563e-05,4.099534606528509e-06,3.0884803554783396e-06,0.0011088697285754946,0.00024059101037256244,1.5112441671816427e-06,6.977518829048416e-07,3.380961623558889e-07,3.3987426191061373e-06,7.226549841169771e-05,1.5430403587561543e-06,2.859372793008752e-07,1.155035436577268e-07,0.0002241872745790628,1.1972108591162306e-05,0.18989794586781802,2.4692952010508902e-06,6.197330271432036e-05,1.511925952884253e-06,4.707713542541743e-06,1.1941537200420598e-06,1.0369994348738923e-07,1.3469136852326386e-05,6.027994189075891e-07,8.007921607264382e-05,0.0003562438754480592,1.2676780612748253e-09,2.1583998782845946e-07,6.915031283120855e-07,1.7390069799539786e-07,1.3828046228256564e-07,1.1691982755252213e-05,5.226288668043369e-07,2.5295874905814462e-06,3.9461468444130636e-06,4.513694705978777e-07,8.30616425284603e-05,1.885362578926838e-05,1.804434660172797e-08,6.422535734600448e-07,1.019525833137577e-07,1.1465606396722888e-08,2.4872834655426826e-08,0.00043144521552368134,1.6485092362708682e-07,1.8594364580995775e-08,2.3079625663183708e-07,7.990583860232952e-07,3.035170324062206e-07,1.2176561490999366e-06,7.984664508238969e-07,3.614813684819758e-06,5.002054081796199e-05,6.944723935087304e-06,8.159149704751807e-05,1.04914949575286e-06,2.9248346608485655e-06,1.2900600141095155e-07,6.125684874262189e-07,0.0004448463896112484,1.2307449587259089e-06,1.136539901918267e-05,7.848390897970586e-07,1.292959802132657e-06,8.060744435348928e-05,4.233966677564518e-08,2.4248271273191156e-07,4.0869140587068155e-05,2.4679373635826086e-06,3.7881822150699767e-06,7.31308058930671e-06,4.210363290950146e-07,4.340545649111836e-06,2.715488669411409e-06,2.8552913091119623e-07,6.179814671404436e-06,0.27445282660674925,0.0018690413415580211,1.3052745123193498e-05,5.678487172716658e-07,0.006692741306796546,1.5609032774320756e-06,3.5222089491167017e-06,5.051564467924304e-08,1.2323817209995614e-06,2.641497963068215e-07,0.0002943732008380185,1.0544235048592575e-06,0.0060311950987579415,4.69923884709079e-06,1.3854942763554374e-07,4.4060943165151826e-06,2.2081304214404302e-05,7.518026016311457e-07
2021-03-31,6.583168455659674e-06,0.40264099636477285,3.901719404340778e-08,6.492886959161562e-07,1.7241673053809965e-06,7.765425405433689e-07,2.5362535468138138e-05,6.975345090574737e-06,6.97171453749747e-06,2.202647314837451e-05,0.0010538022611831573,1.785592622224442e-05,2.1287940475266126e-06,1.5837782692518856e-06,4.693089438181262e-06,0.0011688173793404232,6.530490245472421e-07,1.800843190719455e-05,2.376117251729987e-06,1.780486747813008e-05,2.5513119514519288e-05,0.03696873609427404,3.7583116741829625e-05,8.019628070299404e-05,3.293496133862436e-06,7.682196489624298e-06,1.8791683061324073e-05,1.6379708608702587e-07,9.921508598981177e-06,5.340617069453902e-06,8.040163143912555e-05,8.88406865844613e-06,6.7212238445804595e-09,5.174280894131299e-07,2.8730722035859263e-06,2.0247090131294023e-06,1.7891877045784318e-06,3.177091388805735e-05,8.50138419237623e-07,8.49777284434865e-06,0.0004581583942093181,1.6007888259208337e-07,0.004966668076856822,8.079149410599622e-05,1.0720700095526549e-08,1.6994488977382376e-07,1.7086637026393934e-07,6.891245509715757e-09,1.146033014513257e-07,0.00015370477581394342,5.195641100694295e-07,1.558418565454783e-08,2.3411309209705207e-07,3.4246451845677452e-06,2.77460436251514e-05,3.0500915708768794e-07,7.048339356674055e-06,9.762858981137897e-05,3.595998538050505e-05,1.8947447254651693e-06,2.829374345353283e-05,8.965416382754783e-06,1.5806597933756654e-06,8.507608397818217e-06,1.0499881272164255e-05,2.9175938180560953e-05,6.408275407556173e-06,3.3886070651267294e-05,5.004475237997029e-06,8.08903750993519e-08,6.79028270950862e-05,3.0036332982043757e-07,1.2329428709340167e-05,3.6861125897468946e-06,6.036467350825068e-08,8.570183266649368e-07,0.000173474111057856,4.205154392821961e-07,6.832641055016815e-06,1.8766172459267454e-05,2.4477120680811335e-06,4.7661505120628576e-05,0.10780950339182514,0.19012079099357884,0.0005013893295113927,7.402556607086944e-07,0.0017118080739928568,1.2620835375338991e-06,7.182381096817101e-05,4.0645694557229975e-09,1.16398403338673e-05,2.439971594163339e-07,0.00026831101323610885,3.7141281356437574e-05,0.2507645322547064,3.288237841243871e-05,1.2711445065151768e-07,3.651241676088935e-05,2.2151748310075714e-05,1.259589102096519e-05
2021-04-30,6.438146749888527e-05,0.40282310578466646,8.005977896376843e-09,9.819972220728182e-08,6.094402120691569e-07,2.8019020760261013e-08,8.14963995158664e-06,6.028181717773585e-07,7.489254933659728e-07,1.576625963629854e-07,6.311418884489657e-05,6.570513572508186e-07,3.219699431308563e-09,4.552763837395606e-08,3.3230348867572607e-07,0.00031111597345173826,3.86514865841133e-09,1.3049531365933592e-05,1.1629208597165264e-07,1.7592070245044634e-05,9.359975488110663e-06,0.06159264841901902,2.1697950605705865e-05,9.171313125011736e-06,4.932819671727152e-07,1.9412509900098283e-08,1.4826206171086874e-07,6.135440491246888e-10,6.793954078151701e-05,9.871548842216099e-08,9.016855802667796e-06,9.070548491289037e-08,6.352166364643758e-12,5.510893385450682e-07,2.7778604913372935e-08,1.5628333623040321e-09,1.8531404543173427e-07,3.5008743226579755e-05,1.8999661309854855e-07,3.9886584112208326e-05,0.03518108247148073,1.931857099200145e-09,0.0020108168129458178,0.00018964490522991437,1.866656352125262e-11,5.680563008806876e-08,6.680753630401693e-09,2.512738958984137e-10,6.223744773954042e-10,0.00035298503615554416,1.5163759298075293e-07,1.3323350772557913e-10,2.3352101507860704e-09,4.5644706890367536e-07,8.745050178480628e-06,7.746007819001436e-10,1.0668623930122203e-05,2.3953190071837683e-05,1.8619625375977394e-06,1.08893854886374e-06,1.1481059893011588e-05,3.441996660503481e-08,6.837041306516329e-07,1.7344377213710427e-05,5.157391884526611e-08,2.614663151441895e-05,2.643356811678223e-06,0.00010338209230839046,1.6077259005374272e-06,4.1689208571481864e-08,2.6202888252570967e-06,7.352638011687738e-09,4.340906732295138e-07,1.2528682791555877e-05,8.630507083789861e-10,3.9324865013019344e-07,3.835559354690551e-05,2.765326610693382e-09,5.8339571868980666e-06,0.00011761353895971578,2.0905375173852508e-08,2.618085415767676e-06,0.056154312808708695,0.1861476626312196,1.6491589648184407e-05,1.5199006816372205e-07,0.003298024727214198,1.59274181748457e-07,3.086865171828408e-06,1.8792597043999464e-10,2.374823365351413e-06,4.842655326173226e-08,1.172790110431976e-05,4.581543205789093e-05,0.24995096999576175,0.00024196609063961003,6.198211639933897e-09,8.270269280557964e-09,0.0008590917133363799,5.2274334273258075e-05
2021-05-28,3.922528154798616e-05,0.4061564551172712,5.228080678768822e-10,5.821530365605689e-08,3.4618145713531826e-07,8.893860227226918e-08,2.2069881637194604e-05,1.4260915219295724e-08,3.707561508594341e-08,3.148951510191557e-06,0.00011296302984456787,2.416700361492104e-07,1.4681304064290006e-08,7.048625259699572e-09,3.6728032239062304e-08,0.00030631987791302027,1.719297162251857e-10,2.7510318438858326e-06,7.788154052600724e-09,1.7982085406309634e-05,1.0269208541431735e-06,0.07874351506846988,0.0001538443328948802,8.00434948512316e-05,1.439506561905143e-08,3.3463728282639274e-07,1.2168525871037446e-07,8.238531679934748e-11,3.9115853033448715e-05,1.5562568867003704e-08,2.710393302658239e-05,2.2601671658541852e-08,2.0140564234752904e-14,2.766724224151251e-07,4.7924513642596835e-08,1.0388225861349704e-10,1.4622462436663974e-08,5.269943160813261e-05,1.5143998513646004e-07,0.001166884874706079,0.09939754007027002,7.031944128992872e-10,0.0074641197680152096,0.00026988257065692833,6.40101068078183e-13,2.759258507688291e-07,1.3316041234800394e-09,5.730162707677991e-11,7.780069426763047e-12,0.0001435483970340025,2.3666485403834135e-08,1.0427028069940336e-10,3.77249515007706e-10,4.989758701877895e-07,3.6827065449221562e-06,3.906645593762561e-09,1.974518012542756e-05,1.8241535174410667e-05,2.7274705845017897e-06,1.0998010117385585e-07,5.7402376148248166e-05,2.0271739252363526e-07,1.7325769877221635e-07,2.112661588353797e-06,3.4290156542066583e-07,0.0008595177580229706,3.4580791794692964e-06,7.036123249409405e-06,3.491686765128986e-06,7.580495369515231e-08,8.603104985338421e-07,3.204375610724797e-11,5.294533077906162e-07,4.044697353006626e-06,2.70197427804408e-10,2.323951816762465e-08,2.629745590567063e-05,2.993967567666198e-11,8.692310029764647e-07,6.0493815237400914e-05,6.73692386504888e-08,2.365979967974611e-06,0.01128814819687291,0.21095506211475093,5.5993786400410723e-05,1.142227429836895e-07,0.0035367914992469247,7.395357219166481e-09,9.56029378322442e-07,4.375325323417068e-12,3.0500854886316012e-06,8.749885220129063e-09,8.579751154825739e-06,8.072856315202512e-05,0.17855672026369454,2.4721883428954516e-06,1.3331573347128797e-06,1.5655132228077159e-09,9.74787246414452e-06,0.00022351439095037224
2021-06-30,0.0003822631446144191,0.376014214989191,0.00011063073565726148,0.00010078231606075883,0.0006017646420632826,0.00014019713830375452,0.005487387081548208,1.5455687939316505e-05,1.9978652916098717e-05,3.9677228318898855e-05,0.0016388390382109073,0.00031614851562567745,0.0002733477703215786,0.00027898220413712034,3.0484580369021218e-05,0.0019266564253580787,2.677878294069002e-06,0.0001970116536887612,0.00011219023930213445,0.0010988202727907216,0.0004886040388963546,0.00664017028648068,0.0018161782281241382,0.011385395002754603,1.828892225529223e-05,0.03722560227325733,0.000202753771448177,0.00010690028596671062,0.0003361240774788983,1.1940541878961586e-05,0.00019963830425235657,7.32206401684914e-05,9.218416828885338e-07,0.0002760062752400366,0.0003732289844843628,0.0003243860483386675,4.74208909033223e-05,0.010180466731474465,0.00020386526840647523,0.015276613455902298,0.09645645163108307,3.524938600979916e-05,0.005942868227892646,0.012057250574656337,3.630394772016435e-06,0.0002243880362446984,1.7475382814804895e-05,1.752347202067068e-05,1.4034509009345208e-06,0.001154356601506652,8.09882879862546e-05,0.0006539063333139615,0.00016994341287757047,7.78780247628015e-05,0.000818414304609435,0.00012064048858820106,0.029242164726994223,0.0008967142626512059,0.001663721939479218,6.28061854821376e-05,0.001963709786592869,6.439054414688587e-05,8.510567433894458e-05,0.00012870122810770612,0.0004441623330723978,0.0037047111834933874,8.193051323637413e-05,0.0007091773438834051,0.0013426624296463158,0.0006552654137603745,0.0034586047167645363,4.082380170247728e-07,0.0011148363890777291,9.030290059613558e-05,2.2775920414923877e-06,1.748141976149324e-05,0.0005048486290341696,2.6458179976602914e-07,6.283272535066913e-05,0.016398991403047628,4.434077827159982e-05,0.00013287306784720446,0.04790522255368109,0.18159096124771584,0.00042044055470042313,1.3490324885926028e-05,0.00541776354479671,2.497918430338766e-05,0.0007210304907744318,1.54267375062936e-05,0.00011110864986438134,0.0003591557439988427,0.00035967723776664815,0.017257227360613008,0.0007467381141825528,0.0005110362923891656,0.00011384090377955611,0.0001421268720771527,0.0015869854849317915,0.08802189862139244
2021-07-30,0.01,0.01,0.01,0.01,0.01,0.01,0.01,0.01,0.01,0.01,0.01,0.01,0.01,0.01,0.01,0.01,0.01,0.01,0.01,0.01,0.01,0.01,0.01,0.01,0.01,0.01,0.01,0.01,0.01,0.01,0.01,0.01,0.01,0.01,0.01,0.01,0.01,0.01,0.01,0.01,0.01,0.01,0.01,0.01,0.01,0.01,0.01,0.01,0.01,0.01,0.01,0.01,0.01,0.01,0.01,0.01,0.01,0.01,0.01,0.01,0.01,0.01,0.01,0.01,0.01,0.01,0.01,0.01,0.01,0.01,0.01,0.01,0.01,0.01,0.01,0.01,0.01,0.01,0.01,0.01,0.01,0.01,0.01,0.01,0.01,0.01,0.01,0.01,0.01,0.01,0.01,0.01,0.01,0.01,0.01,0.01,0.01,0.01,0.01,0.01
2021-08-31,0.0006765558407890083,0.3687549458167489,0.00017129465108446765,0.00011535074685491014,0.0012978069694481447,0.00020852642045903684,0.018511333009901494,3.574998426633132e-05,6.639451339690275e-05,0.0001362617014947154,0.003370559271750756,0.0005328919151128616,0.0003335291563875148,0.0003137302993720341,4.084388351083848e-05,0.0032030485899979177,2.8090615805679465e-06,0.0006128173736478594,0.00012335510537677438,0.001674653189493272,0.0007347443949412881,0.0057111534389881315,0.0023001431117157627,0.008362055909606191,5.175629522020234e-05,0.06349280751781225,0.00018385137232852875,9.22647711205541e-05,0.0005619664610495693,4.3293504912154743e-05,0.0004516979880028593,0.00025839288029274525,1.4400213528121377e-06,0.0003044644083531772,0.0004774289265586556,0.0004310177831311944,8.733598454529494e-05,0.026696376665580397,0.0002971944030087558,0.010023302720082105,0.08359678369254564,2.784977956439495e-05,0.005988673159165352,0.043082188515974826,3.712913435649635e-06,0.0003547736842497323,2.6558647486625512e-05,2.0723059721414627e-05,3.211136496240361e-06,0.0026590887205125173,6.56707393158434e-05,0.000657016424606231,0.00024114147829566385,0.0002492893347946749,0.0009746275582088981,0.00048370432592457113,0.10931902401063721,0.0020566909328485405,0.0025438239684957395,0.00021362354490356302,0.0026383547518097727,0.00010710662965877273,0.00016644363408658899,0.0004075463877960138,0.0006771061672604578,0.012815300940012736,0.0001319424261987078,0.0010989101806599929,0.0015699469603121057,0.0007318780234994986,0.002327705174615962,1.7055778762127923e-06,0.0013137700577217097,0.0003222057193536674,7.364745703133857e-06,6.78579542692788e-05,0.0009854899916282903,8.310086165027717e-06,0.00018381913563473762,0.0013517172019146912,5.742949691527215e-05,0.00030966039496133714,0.010211667233096229,0.04075846172512076,0.0007192215812206103,3.314748082282324e-05,0.018380508719002486,6.762397391844582e-05,0.001474447646738214,9.956660304540355e-06,0.0003184750138656889,0.0005329089911427901,0.000814057304293931,0.016687734460302302,0.0014620779746349324,0.0001707622754947152,0.0004820584947718208,0.00021470446890867073,0.002323873202640084,0.10474341946920662
2021-09-30,0.0003909568595902183,0.13600274301329046,0.0002576569198050604,0.00015613755883394913,0.0007063316492258815,0.00011538804402108956,0.01011793921747605,8.929156234253481e-05,0.00014144075450237678,0.0005804357725074665,0.0007605455125404127,0.00019674407249488382,8.037941563339375e-05,0.00014735754786015587,5.8804101799416324e-05,0.0011270095352432488,5.04439777070794e-06,0.0003718601850866867,9.401458178438198e-05,0.0032824530051925533,0.0004114912848101056,0.0023089518904323555,0.00020698342230028534,0.02658736586515641,0.000143706597107981,0.0028251580243895407,2.6224650750538073e-05,9.492137461588034e-05,8.52250910815006e-05,0.00023095648466429239,0.0004731698773387538,0.00021229983755148294,7.361768815820561e-06,0.08896900309628314,0.00013482629855557298,0.0001455941343165273,4.8448780712153015e-05,0.01446399563888312,8.559099634378729e-05,0.0024708229843385726,0.09659934149515391,4.6973916807341917e-05,0.003040399441114873,0.001408191219000068,6.954470899590315e-05,4.805782919531752e-05,2.4717968825347842e-05,6.507275791607662e-05,1.1958542298363994e-05,0.001472970606231891,3.790431675173409e-05,0.00017352318144554302,0.00015033376251446736,0.00025519764349703574,0.00015089421496413527,0.0001568423071435402,0.144652406313578,0.0009730813039508931,0.01260939368079036,0.00011316497013888512,0.0019051357577205166,3.9937954803080005e-05,0.0005999869381412711,0.00019268716682209355,0.00031640306311186495,0.043027038203912474,2.8246477154895453e-05,0.0004825226525485057,0.0009595791601495204,4.149532780969542e-05,0.00698621714159834,6.140313998267262e-06,0.0003536889436937401,0.00042748102204800525,3.388578440025314e-05,0.000506238202365408,0.0009411701080218274,4.627394340476162e-05,0.00012740990737041073,0.012712421753145785,0.00010604218766714383,0.00037964137229542144,0.09730029057898956,0.09098722661739639,0.00038247951552549205,5.1351340076336005e-06,0.11575139742373862,9.201241718999541e-05,0.0003822198824430788,4.299009153426257e-05,0.0005354975928971948,0.00019325730194469585,0.0025760214857779226,0.0020626960634600837,0.013502882464978884,1.1236452141554851e-07,4.196830771618397e-05,4.9112452398416126e-05,0.0004549611744044548,0.04874549376312988
2021-10-29,0.01,0.01,0.01,0.01,0.01,0.01,0.01,0.01,0.01,0.01,0.01,0.01,0.01,0.01,0.01,0.01,0.01,0.01,0.01,0.01,0.01,0.01,0.01,0.01,0.01,0.01,0.01,0.01,0.01,0.01,0.01,0.01,0.01,0.01,0.01,0.01,0.01,0.01,0.01,0.01,0.01,0.01,0.01,0.01,0.01,0.01,0.01,0.01,0.01,0.01,0.01,0.01,0.01,0.01,0.01,0.01,0.01,0.01,0.01,0.01,0.01,0.01,0.01,0.01,0.01,0.01,0.01,0.01,0.01,0.01,0.01,0.01,0.01,0.01,0.01,0.01,0.01,0.01,0.01,0.01,0.01,0.01,0.01,0.01,0.01,0.01,0.01,0.01,0.01,0.01,0.01,0.01,0.01,0.01,0.01,0.01,0.01,0.01,0.01,0.01
2021-11-30,0.008631773006245548,0.16326303587915672,0.0023002502068362246,0.006073528883735109,0.006578684567321574,0.000831450933488603,0.0005726029306090291,0.0015667409978760562,0.07005030714091061,0.008648626129861026,0.0029058280889512223,0.00294223975676879,0.001828945697090185,0.0014928751841361396,0.0006423615099090968,0.0029107747600583475,0.0005540221035243815,0.0022193842827475862,0.0013311209796935165,0.008995763917524793,0.007777467618649292,0.003399506491355353,0.0020968326310033774,0.045010090871623665,0.002695100532359286,0.007231488706443024,0.0007581639785735325,0.0005423568519196976,0.0035675464568537545,0.0008491150919458139,0.004460584017247228,0.003982679853475503,0.0002859608551924188,0.0012237273906921568,0.0011505743320785668,0.0006388493100045098,0.00042847576831895646,0.003687905257609763,0.002184388186731516,0.00424689228026356,0.06240926727595176,0.0005058331336709065,0.00896909610073532,0.018994511239772142,0.0006887491228941149,0.000965553107736987,0.0005731813863883669,0.0007248264660830008,0.0022130210441316544,0.00037697695639706664,0.00044962951222219934,0.0012077452756661146,0.0010239188544817095,0.00287871674487339,0.002134483109660782,0.0013863395306612629,0.06894733189927547,0.0070982093834236005,0.007251821789608295,0.0010641043416250331,2.343252184456588e-05,0.0005726585129222865,0.0034405283715935,0.015632027944037962,0.0006087082540131035,0.11738917171601385,0.0006239725856703111,0.001284054898922471,0.0009992136155594902,0.0005814953721958417,0.008999187027669437,0.0005907982207398234,0.0007816781661938152,4.439928950025388e-07,0.0005980916807416714,0.010597671379558192,0.008928155702358158,0.0008548292585585235,0.0011758766349160114,0.02104896923826174,0.000801112271727338,0.0010440799149039979,0.006052748425860718,0.11706928271051059,0.0035300022204193793,0.000307615303674772,0.011286327678539477,0.019027128523153584,0.0021206898084052146,0.034690583960186684,0.001506116725207595,0.0008715594344703318,0.0042664757097812585,0.0003173930227192748,0.0033078035070463587,0.005009956116943211,0.000649848187503619,0.00032834872219621836,0.0036973381077437754,0.008963284840296317
2021-12-31,0.01,0.01,0.01,0.01,0.01,0.01,0.01,0.01,0.01,0.01,0.01,0.01,0.01,0.01,0.01,0.01,0.01,0.01,0.01,0.01,0.01,0.01,0.01,0.01,0.01,0.01,0.01,0.01,0.01,0.01,0.01,0.01,0.01,0.01,0.01,0.01,0.01,0.01,0.01,0.01,0.01,0.01,0.01,0.01,0.01,0.01,0.01,0.01,0.01,0.01,0.01,0.01,0.01,0.01,0.01,0.01,0.01,0.01,0.01,0.01,0.01,0.01,0.01,0.01,0.01,0.01,0.01,0.01,0.01,0.01,0.01,0.01,0.01,0.01,0.01,0.01,0.01,0.01,0.01,0.01,0.01,0.01,0.01,0.01,0.01,0.01,0.01,0.01,0.01,0.01,0.01,0.01,0.01,0.01,0.01,0.01,0.01,0.01,0.01,0.01
2022-01-31,0.01,0.01,0.01,0.01,0.01,0.01,0.01,0.01,0.01,0.01,0.01,0.01,0.01,0.01,0.01,0.01,0.01,0.01,0.01,0.01,0.01,0.01,0.01,0.01,0.01,0.01,0.01,0.01,0.01,0.01,0.01,0.01,0.01,0.01,0.01,0.01,0.01,0.01,0.01,0.01,0.01,0.01,0.01,0.01,0.01,0.01,0.01,0.01,0.01,0.01,0.01,0.01,0.01,0.01,0.01,0.01,0.01,0.01,0.01,0.01,0.01,0.01,0.01,0.01,0.01,0.01,0.01,0.01,0.01,0.01,0.01,0.01,0.01,0.01,0.01,0.01,0.01,0.01,0.01,0.01,0.01,0.01,0.01,0.01,0.01,0.01,0.01,0.01,0.01,0.01,0.01,0.01,0.01,0.01,0.01,0.01,0.01,0.01,0.01,0.01
2022-02-28,0.01,0.01,0.01,0.01,0.01,0.01,0.01,0.01,0.01,0.01,0.01,0.01,0.01,0.01,0.01,0.01,0.01,0.01,0.01,0.01,0.01,0.01,0.01,0.01,0.01,0.01,0.01,0.01,0.01,0.01,0.01,0.01,0.01,0.01,0.01,0.01,0.01,0.01,0.01,0.01,0.01,0.01,0.01,0.01,0.01,0.01,0.01,0.01,0.01,0.01,0.01,0.01,0.01,0.01,0.01,0.01,0.01,0.01,0.01,0.01,0.01,0.01,0.01,0.01,0.01,0.01,0.01,0.01,0.01,0.01,0.01,0.01,0.01,0.01,0.01,0.01,0.01,0.01,0.01,0.01,0.01,0.01,0.01,0.01,0.01,0.01,0.01,0.01,0.01,0.01,0.01,0.01,0.01,0.01,0.01,0.01,0.01,0.01,0.01,0.01
2022-03-31,0.01,0.01,0.01,0.01,0.01,0.01,0.01,0.01,0.01,0.01,0.01,0.01,0.01,0.01,0.01,0.01,0.01,0.01,0.01,0.01,0.01,0.01,0.01,0.01,0.01,0.01,0.01,0.01,0.01,0.01,0.01,0.01,0.01,0.01,0.01,0.01,0.01,0.01,0.01,0.01,0.01,0.01,0.01,0.01,0.01,0.01,0.01,0.01,0.01,0.01,0.01,0.01,0.01,0.01,0.01,0.01,0.01,0.01,0.01,0.01,0.01,0.01,0.01,0.01,0.01,0.01,0.01,0.01,0.01,0.01,0.01,0.01,0.01,0.01,0.01,0.01,0.01,0.01,0.01,0.01,0.01,0.01,0.01,0.01,0.01,0.01,0.01,0.01,0.01,0.01,0.01,0.01,0.01,0.01,0.01,0.01,0.01,0.01,0.01,0.01
2022-04-29,0.01,0.01,0.01,0.01,0.01,0.01,0.01,0.01,0.01,0.01,0.01,0.01,0.01,0.01,0.01,0.01,0.01,0.01,0.01,0.01,0.01,0.01,0.01,0.01,0.01,0.01,0.01,0.01,0.01,0.01,0.01,0.01,0.01,0.01,0.01,0.01,0.01,0.01,0.01,0.01,0.01,0.01,0.01,0.01,0.01,0.01,0.01,0.01,0.01,0.01,0.01,0.01,0.01,0.01,0.01,0.01,0.01,0.01,0.01,0.01,0.01,0.01,0.01,0.01,0.01,0.01,0.01,0.01,0.01,0.01,0.01,0.01,0.01,0.01,0.01,0.01,0.01,0.01,0.01,0.01,0.01,0.01,0.01,0.01,0.01,0.01,0.01,0.01,0.01,0.01,0.01,0.01,0.01,0.01,0.01,0.01,0.01,0.01,0.01,0.01
2022-05-31,0.01,0.01,0.01,0.01,0.01,0.01,0.01,0.01,0.01,0.01,0.01,0.01,0.01,0.01,0.01,0.01,0.01,0.01,0.01,0.01,0.01,0.01,0.01,0.01,0.01,0.01,0.01,0.01,0.01,0.01,0.01,0.01,0.01,0.01,0.01,0.01,0.01,0.01,0.01,0.01,0.01,0.01,0.01,0.01,0.01,0.01,0.01,0.01,0.01,0.01,0.01,0.01,0.01,0.01,0.01,0.01,0.01,0.01,0.01,0.01,0.01,0.01,0.01,0.01,0.01,0.01,0.01,0.01,0.01,0.01,0.01,0.01,0.01,0.01,0.01,0.01,0.01,0.01,0.01,0.01,0.01,0.01,0.01,0.01,0.01,0.01,0.01,0.01,0.01,0.01,0.01,0.01,0.01,0.01,0.01,0.01,0.01,0.01,0.01,0.01
2022-06-30,0.01,0.01,0.01,0.01,0.01,0.01,0.01,0.01,0.01,0.01,0.01,0.01,0.01,0.01,0.01,0.01,0.01,0.01,0.01,0.01,0.01,0.01,0.01,0.01,0.01,0.01,0.01,0.01,0.01,0.01,0.01,0.01,0.01,0.01,0.01,0.01,0.01,0.01,0.01,0.01,0.01,0.01,0.01,0.01,0.01,0.01,0.01,0.01,0.01,0.01,0.01,0.01,0.01,0.01,0.01,0.01,0.01,0.01,0.01,0.01,0.01,0.01,0.01,0.01,0.01,0.01,0.01,0.01,0.01,0.01,0.01,0.01,0.01,0.01,0.01,0.01,0.01,0.01,0.01,0.01,0.01,0.01,0.01,0.01,0.01,0.01,0.01,0.01,0.01,0.01,0.01,0.01,0.01,0.01,0.01,0.01,0.01,0.01,0.01,0.01
2022-07-29,0.01,0.01,0.01,0.01,0.01,0.01,0.01,0.01,0.01,0.01,0.01,0.01,0.01,0.01,0.01,0.01,0.01,0.01,0.01,0.01,0.01,0.01,0.01,0.01,0.01,0.01,0.01,0.01,0.01,0.01,0.01,0.01,0.01,0.01,0.01,0.01,0.01,0.01,0.01,0.01,0.01,0.01,0.01,0.01,0.01,0.01,0.01,0.01,0.01,0.01,0.01,0.01,0.01,0.01,0.01,0.01,0.01,0.01,0.01,0.01,0.01,0.01,0.01,0.01,0.01,0.01,0.01,0.01,0.01,0.01,0.01,0.01,0.01,0.01,0.01,0.01,0.01,0.01,0.01,0.01,0.01,0.01,0.01,0.01,0.01,0.01,0.01,0.01,0.01,0.01,0.01,0.01,0.01,0.01,0.01,0.01,0.01,0.01,0.01,0.01
2022-08-31,0.01,0.01,0.01,0.01,0.01,0.01,0.01,0.01,0.01,0.01,0.01,0.01,0.01,0.01,0.01,0.01,0.01,0.01,0.01,0.01,0.01,0.01,0.01,0.01,0.01,0.01,0.01,0.01,0.01,0.01,0.01,0.01,0.01,0.01,0.01,0.01,0.01,0.01,0.01,0.01,0.01,0.01,0.01,0.01,0.01,0.01,0.01,0.01,0.01,0.01,0.01,0.01,0.01,0.01,0.01,0.01,0.01,0.01,0.01,0.01,0.01,0.01,0.01,0.01,0.01,0.01,0.01,0.01,0.01,0.01,0.01,0.01,0.01,0.01,0.01,0.01,0.01,0.01,0.01,0.01,0.01,0.01,0.01,0.01,0.01,0.01,0.01,0.01,0.01,0.01,0.01,0.01,0.01,0.01,0.01,0.01,0.01,0.01,0.01,0.01
2022-09-30,0.01,0.01,0.01,0.01,0.01,0.01,0.01,0.01,0.01,0.01,0.01,0.01,0.01,0.01,0.01,0.01,0.01,0.01,0.01,0.01,0.01,0.01,0.01,0.01,0.01,0.01,0.01,0.01,0.01,0.01,0.01,0.01,0.01,0.01,0.01,0.01,0.01,0.01,0.01,0.01,0.01,0.01,0.01,0.01,0.01,0.01,0.01,0.01,0.01,0.01,0.01,0.01,0.01,0.01,0.01,0.01,0.01,0.01,0.01,0.01,0.01,0.01,0.01,0.01,0.01,0.01,0.01,0.01,0.01,0.01,0.01,0.01,0.01,0.01,0.01,0.01,0.01,0.01,0.01,0.01,0.01,0.01,0.01,0.01,0.01,0.01,0.01,0.01,0.01,0.01,0.01,0.01,0.01,0.01,0.01,0.01,0.01,0.01,0.01,0.01
2022-10-31,0.002063612939470156,0.0060993173953108855,0.00044015690917379065,0.0005006237476221694,0.01092783219553276,0.0016956273925074975,0.017336696667516707,0.0006160825570832808,0.0007291366707856224,6.768213587400116e-05,0.04466151228010358,0.0022157559381880626,0.00841689404216873,0.0032724995189003037,0.0023810017609454765,0.004828964958036563,0.0018387474103419748,0.0007520755978785843,0.005363531919745048,0.25499381798033394,0.004511225451702684,0.0034055419760517487,0.015990134871752902,0.002463217391343136,0.0004847027596997871,0.0005352703780265018,0.002016502050331313,0.0018702354920797836,0.0016797578774951556,0.00031662100900550934,0.01765790477223094,0.002105534925086496,0.0003330796530581431,0.0012399803112481027,0.0030362452804750407,0.0022519007255965133,0.00224478197686702,0.00497929812933045,0.002157066426351482,0.015544339277528093,0.013804913960823922,0.002391375488838302,0.0047845977750774595,0.0019731146897411602,0.0035630381043703307,0.0004594967104975227,0.0035359417304275816,0.0017094600512823296,0.012049998382912363,7.081745655826042e-05,0.0010808719933469383,0.0016869556010904614,0.001737408871873298,0.0003816657384412077,0.0014799318119624605,0.0011254936303893542,0.003991528736287672,0.0023146085230549346,0.004933738923803059,0.0006344257005949867,0.00195645527344054,0.000679851354856601,0.0002488658693004702,0.000539171791069102,0.002107928459223317,0.007803751042134697,0.033353722224619485,0.0013994862024617203,0.010283730264434245,0.0006954813777261577,0.06704587957564043,0.0027083275962356003,0.04409475172154542,0.002080988338304723,0.0005285690677795562,0.0003014148084269095,0.13596195430088262,6.0514902426119715e-05,0.005955437484388821,0.0021311994217943805,0.0027691519351579676,0.0020170945831844947,0.007609421523969604,0.10085943908482609,0.004252229201573549,0.002013407507305558,0.00020468514375777808,0.00013499361657675032,0.0024993002698834544,0.002885839098133943,0.0003742211035136239,0.0033859803757073023,0.009925946201800765,0.011163451664986506,0.0007479429131658464,0.005157695197240838,0.0008450174989874366,0.0019280166437194502,0.0018673141153691037,0.001687076610295544
2022-11-30,0.01,0.01,0.01,0.01,0.01,0.01,0.01,0.01,0.01,0.01,0.01,0.01,0.01,0.01,0.01,0.01,0.01,0.01,0.01,0.01,0.01,0.01,0.01,0.01,0.01,0.01,0.01,0.01,0.01,0.01,0.01,0.01,0.01,0.01,0.01,0.01,0.01,0.01,0.01,0.01,0.01,0.01,0.01,0.01,0.01,0.01,0.01,0.01,0.01,0.01,0.01,0.01,0.01,0.01,0.01,0.01,0.01,0.01,0.01,0.01,0.01,0.01,0.01,0.01,0.01,0.01,0.01,0.01,0.01,0.01,0.01,0.01,0.01,0.01,0.01,0.01,0.01,0.01,0.01,0.01,0.01,0.01,0.01,0.01,0.01,0.01,0.01,0.01,0.01,0.01,0.01,0.01,0.01,0.01,0.01,0.01,0.01,0.01,0.01,0.01
2022-12-30,0.01,0.01,0.01,0.01,0.01,0.01,0.01,0.01,0.01,0.01,0.01,0.01,0.01,0.01,0.01,0.01,0.01,0.01,0.01,0.01,0.01,0.01,0.01,0.01,0.01,0.01,0.01,0.01,0.01,0.01,0.01,0.01,0.01,0.01,0.01,0.01,0.01,0.01,0.01,0.01,0.01,0.01,0.01,0.01,0.01,0.01,0.01,0.01,0.01,0.01,0.01,0.01,0.01,0.01,0.01,0.01,0.01,0.01,0.01,0.01,0.01,0.01,0.01,0.01,0.01,0.01,0.01,0.01,0.01,0.01,0.01,0.01,0.01,0.01,0.01,0.01,0.01,0.01,0.01,0.01,0.01,0.01,0.01,0.01,0.01,0.01,0.01,0.01,0.01,0.01,0.01,0.01,0.01,0.01,0.01,0.01,0.01,0.01,0.01,0.01
2023-01-31,0.01,0.01,0.01,0.01,0.01,0.01,0.01,0.01,0.01,0.01,0.01,0.01,0.01,0.01,0.01,0.01,0.01,0.01,0.01,0.01,0.01,0.01,0.01,0.01,0.01,0.01,0.01,0.01,0.01,0.01,0.01,0.01,0.01,0.01,0.01,0.01,0.01,0.01,0.01,0.01,0.01,0.01,0.01,0.01,0.01,0.01,0.01,0.01,0.01,0.01,0.01,0.01,0.01,0.01,0.01,0.01,0.01,0.01,0.01,0.01,0.01,0.01,0.01,0.01,0.01,0.01,0.01,0.01,0.01,0.01,0.01,0.01,0.01,0.01,0.01,0.01,0.01,0.01,0.01,0.01,0.01,0.01,0.01,0.01,0.01,0.01,0.01,0.01,0.01,0.01,0.01,0.01,0.01,0.01,0.01,0.01,0.01,0.01,0.01,0.01
2023-02-28,0.01,0.01,0.01,0.01,0.01,0.01,0.01,0.01,0.01,0.01,0.01,0.01,0.01,0.01,0.01,0.01,0.01,0.01,0.01,0.01,0.01,0.01,0.01,0.01,0.01,0.01,0.01,0.01,0.01,0.01,0.01,0.01,0.01,0.01,0.01,0.01,0.01,0.01,0.01,0.01,0.01,0.01,0.01,0.01,0.01,0.01,0.01,0.01,0.01,0.01,0.01,0.01,0.01,0.01,0.01,0.01,0.01,0.01,0.01,0.01,0.01,0.01,0.01,0.01,0.01,0.01,0.01,0.01,0.01,0.01,0.01,0.01,0.01,0.01,0.01,0.01,0.01,0.01,0.01,0.01,0.01,0.01,0.01,0.01,0.01,0.01,0.01,0.01,0.01,0.01,0.01,0.01,0.01,0.01,0.01,0.01,0.01,0.01,0.01,0.01
2023-03-31,0.0009653531241930965,0.012770497397903324,0.00013217896168054335,0.0001731234967799479,0.014616043350387803,0.0006367191931893876,0.009059429926725007,0.0001938159590433828,0.00025409939863054105,1.911056500637758e-05,0.26023614020298386,0.001104900702107184,0.010550962970318288,0.000990468269054538,0.0008561930292445523,0.003528242173285437,0.0006392681390485123,0.0003016918880665517,0.0045096278822201056,0.1901920887699173,0.0031495733544684656,0.0026539610048742167,0.14079671096229304,0.0009837498648611763,0.00017559384724499406,0.00018263530180789,0.0007202910298324719,0.0004361172489295286,0.0005833326488639128,0.0001071467273553205,0.005536215447354143,0.0011698830846871191,9.903851434330719e-05,0.000380369549397412,0.0019894069949154963,0.0009613379216182833,0.0008935536937739734,0.0035789772155193945,0.0008479777341906404,0.009504887767315146,0.010007781754733358,0.0004874312983666989,0.002646747580404527,0.0009112894292317073,0.0009096199084950301,0.00014769949863661724,0.0008625438854061186,0.00043769134441939663,0.0578919540111545,2.0497666365425364e-05,0.00032709140567498514,0.0005260318695672358,0.0004791707893495512,0.00012112278462609939,0.0005877052331450268,0.0007509060003500456,0.001336455548380382,0.0008949298854900561,0.00082107088584915,0.00021929906394704967,0.0007678443155849799,0.00025759420607860355,8.314435115158158e-05,0.00020253587021789888,0.0008932300643990749,0.0012888787635228565,0.052720369814139904,0.00047583616387884576,0.005649299960903264,0.0002596146407898209,0.005552177749445916,0.0012754996303132363,0.06533834281605175,0.0007781211816136194,0.00017629037738098202,0.00010451764276614862,0.001544226075255349,1.695372795846064e-05,0.03392979470767877,0.0006754059053375982,0.0014507109888544612,0.0008224144172574561,0.004141292407560023,0.0280439468456336,0.0019545286201644303,0.0006085330249463515,6.910444092738024e-05,4.283245693415029e-05,0.0012246005729629583,0.0020466796161789226,0.00011879466189101953,0.0006191095963620096,0.0007356514111048925,0.011553894917027237,0.0002907320847614949,0.005121383344369097,0.00026703427457586826,0.0007864166098221995,0.0006446636142159459,0.0006002429729573304
2023-04-28,0.0006942695439362379,0.05292113815531117,3.6441336014780825e-05,0.0001079985736282874,0.011882299508839969,0.000481182239183796,0.033161930266584,4.690737128343873e-05,7.29771492486899e-05,1.0790042901939742e-06,0.15373870497454487,0.0007843506856689617,0.003428622672930855,0.0011470624147859728,0.00037687058435809627,0.002672271664870901,0.0002111113132532057,0.00010466636007869856,0.0009541580987253995,0.1937813415090258,0.002188477356608127,0.0029441385849337228,0.23612529487077155,0.0006784612983622996,3.4654739709982595e-05,4.957769636258398e-05,0.0004056573029001296,0.0004123479295464618,0.00020829570927765096,1.226424014008041e-05,0.0072094764157411085,0.00047022156353467037,2.8752288295633723e-05,0.00011450689658082971,0.0003382124267021893,0.0011224058918022884,0.0006422867649598115,0.003069704337968344,0.000950186080650066,0.01166946502669339,0.011277503076588534,0.0008457971092783556,0.0021521603298313152,0.0004779596217906305,0.00011286200996615551,2.693348923493375e-05,0.0012473180758538075,0.00030200585224228314,0.004291295373976973,2.0688836566258034e-06,8.821368159662752e-05,0.0003397364227300664,0.0006895619408276653,2.649233013059252e-05,0.0004612098959484886,0.00012196223419835575,0.0038760109496611575,0.0007955198477710805,0.0010780713954155216,6.688349095937307e-05,0.0010946400931074731,7.292578791526748e-05,1.410402761357211e-05,5.815552424363094e-05,0.0007337912642233029,0.0024709469460104053,0.05648401805670868,0.0003355285750945151,0.0024894078686107006,0.0002853993101731354,0.002041601562800537,0.00034301843909778743,0.09432706246794739,0.0005783749200769508,4.4460168194847655e-05,1.5691227907852363e-05,0.0077312608918669755,7.806691017270995e-07,0.009648621646190379,0.00031441408550079167,0.0005722067821226502,0.0002953011868029206,0.006519371170147466,0.02020040790187256,0.000957450222449813,0.0003238538959731947,1.6877823257893664e-05,6.85558927485356e-05,0.0004160356466066909,0.00023758246215624892,2.0589915746524633e-05,0.0007504719569068073,0.0021589597721818152,0.03147754348013931,0.0001370786189591469,0.0016191232307559283,4.623809068578371e-05,0.0009309614692245913,0.00040041238377302914,0.00020743770534043904
2023-05-31,0.01,0.01,0.01,0.01,0.01,0.01,0.01,0.01,0.01,0.01,0.01,0.01,0.01,0.01,0.01,0.01,0.01,0.01,0.01,0.01,0.01,0.01,0.01,0.01,0.01,0.01,0.01,0.01,0.01,0.01,0.01,0.01,0.01,0.01,0.01,0.01,0.01,0.01,0.01,0.01,0.01,0.01,0.01,0.01,0.01,0.01,0.01,0.01,0.01,0.01,0.01,0.01,0.01,0.01,0.01,0.01,0.01,0.01,0.01,0.01,0.01,0.01,0.01,0.01,0.01,0.01,0.01,0.01,0.01,0.01,0.01,0.01,0.01,0.01,0.01,0.01,0.01,0.01,0.01,0.01,0.01,0.01,0.01,0.01,0.01,0.01,0.01,0.01,0.01,0.01,0.01,0.01,0.01,0.01,0.01,0.01,0.01,0.01,0.01,0.01
2023-06-30,0.01,0.01,0.01,0.01,0.01,0.01,0.01,0.01,0.01,0.01,0.01,0.01,0.01,0.01,0.01,0.01,0.01,0.01,0.01,0.01,0.01,0.01,0.01,0.01,0.01,0.01,0.01,0.01,0.01,0.01,0.01,0.01,0.01,0.01,0.01,0.01,0.01,0.01,0.01,0.01,0.01,0.01,0.01,0.01,0.01,0.01,0.01,0.01,0.01,0.01,0.01,0.01,0.01,0.01,0.01,0.01,0.01,0.01,0.01,0.01,0.01,0.01,0.01,0.01,0.01,0.01,0.01,0.01,0.01,0.01,0.01,0.01,0.01,0.01,0.01,0.01,0.01,0.01,0.01,0.01,0.01,0.01,0.01,0.01,0.01,0.01,0.01,0.01,0.01,0.01,0.01,0.01,0.01,0.01,0.01,0.01,0.01,0.01,0.01,0.01
2023-07-31,0.0018820485934707958,0.019076454451213497,0.00022688816436898794,0.0010578229730884897,0.002450611373200695,0.001913502045509478,0.015217630957394254,0.0003899339830930174,0.0005353068319241659,0.00011071470956786884,0.19165426426750995,0.014673505249990289,0.018652577758879393,0.002537870535623906,0.004515940291031054,0.13292020597678986,0.0023852049584410545,0.0008253590847918372,0.03137753094935215,0.05233637492676882,0.00875551786157094,0.016826238802701766,0.036320480967191295,0.0045539197872093325,0.00022890133903624753,0.0003296815845241715,0.00039800060402337664,0.0015289128853358484,0.0013596075806342788,0.00025787943905361825,0.005500545362557199,0.003169689558604641,0.0009583051499057564,0.0007745307660714694,0.004520094153714668,0.0023637684131076375,0.0007567773668926044,0.005041212640654703,0.03394775394494156,0.012611389794920908,0.021643125050681045,0.0011619772878909446,0.06864376757001404,0.00036711548284120197,0.002314395821446697,0.0008310443221557044,0.002933123428095083,0.0010671602978510615,0.038946349453631575,0.000267038350880902,0.0010313805867768727,0.001803985239434147,0.0015440335045172604,0.0001704249995748578,0.0040197858061493735,0.004472718719376904,0.0038307122700326703,0.010051047933834567,0.004755124589808134,0.0011259276125089373,0.002674532050371956,0.00027414215190676305,0.00016852526308152276,0.0013391004872202854,0.010441325403369417,0.005328987971913642,0.0024621839200977963,0.002160571663838147,0.006145050177171252,0.0024663022840231137,0.01869400876442982,0.0076625427638442115,0.016928121991569,0.0026516928382589104,0.0003640349616366394,0.0005499599054756004,0.022786589136900716,2.926417596959755e-05,0.010897141702185953,0.0006633030212522342,0.0015887259517121226,0.0015069290486616595,0.004856298388045641,0.015794528118640908,0.005033357560202924,0.00046877829321158434,0.0009497637035511649,0.0001704189202148116,0.0022806104187059247,0.003948482605959821,0.001413219504282516,0.0007981070002807073,0.015910475747190015,0.003976980341157064,0.00366435214672053,0.008117635175865973,0.0014088991515454588,0.0006385458480817918,0.004818367508927743,0.002044949520361569
2023-08-31,0.01,0.01,0.01,0.01,0.01,0.01,0.01,0.01,0.01,0.01,0.01,0.01,0.01,0.01,0.01,0.01,0.01,0.01,0.01,0.01,0.01,0.01,0.01,0.01,0.01,0.01,0.01,0.01,0.01,0.01,0.01,0.01,0.01,0.01,0.01,0.01,0.01,0.01,0.01,0.01,0.01,0.01,0.01,0.01,0.01,0.01,0.01,0.01,0.01,0.01,0.01,0.01,0.01,0.01,0.01,0.01,0.01,0.01,0.01,0.01,0.01,0.01,0.01,0.01,0.01,0.01,0.01,0.01,0.01,0.01,0.01,0.01,0.01,0.01,0.01,0.01,0.01,0.01,0.01,0.01,0.01,0.01,0.01,0.01,0.01,0.01,0.01,0.01,0.01,0.01,0.01,0.01,0.01,0.01,0.01,0.01,0.01,0.01,0.01,0.01
2023-09-29,0.01,0.01,0.01,0.01,0.01,0.01,0.01,0.01,0.01,0.01,0.01,0.01,0.01,0.01,0.01,0.01,0.01,0.01,0.01,0.01,0.01,0.01,0.01,0.01,0.01,0.01,0.01,0.01,0.01,0.01,0.01,0.01,0.01,0.01,0.01,0.01,0.01,0.01,0.01,0.01,0.01,0.01,0.01,0.01,0.01,0.01,0.01,0.01,0.01,0.01,0.01,0.01,0.01,0.01,0.01,0.01,0.01,0.01,0.01,0.01,0.01,0.01,0.01,0.01,0.01,0.01,0.01,0.01,0.01,0.01,0.01,0.01,0.01,0.01,0.01,0.01,0.01,0.01,0.01,0.01,0.01,0.01,0.01,0.01,0.01,0.01,0.01,0.01,0.01,0.01,0.01,0.01,0.01,0.01,0.01,0.01,0.01,0.01,0.01,0.01
2023-10-31,0.01,0.01,0.01,0.01,0.01,0.01,0.01,0.01,0.01,0.01,0.01,0.01,0.01,0.01,0.01,0.01,0.01,0.01,0.01,0.01,0.01,0.01,0.01,0.01,0.01,0.01,0.01,0.01,0.01,0.01,0.01,0.01,0.01,0.01,0.01,0.01,0.01,0.01,0.01,0.01,0.01,0.01,0.01,0.01,0.01,0.01,0.01,0.01,0.01,0.01,0.01,0.01,0.01,0.01,0.01,0.01,0.01,0.01,0.01,0.01,0.01,0.01,0.01,0.01,0.01,0.01,0.01,0.01,0.01,0.01,0.01,0.01,0.01,0.01,0.01,0.01,0.01,0.01,0.01,0.01,0.01,0.01,0.01,0.01,0.01,0.01,0.01,0.01,0.01,0.01,0.01,0.01,0.01,0.01,0.01,0.01,0.01,0.01,0.01,0.01
2023-11-30,0.01,0.01,0.01,0.01,0.01,0.01,0.01,0.01,0.01,0.01,0.01,0.01,0.01,0.01,0.01,0.01,0.01,0.01,0.01,0.01,0.01,0.01,0.01,0.01,0.01,0.01,0.01,0.01,0.01,0.01,0.01,0.01,0.01,0.01,0.01,0.01,0.01,0.01,0.01,0.01,0.01,0.01,0.01,0.01,0.01,0.01,0.01,0.01,0.01,0.01,0.01,0.01,0.01,0.01,0.01,0.01,0.01,0.01,0.01,0.01,0.01,0.01,0.01,0.01,0.01,0.01,0.01,0.01,0.01,0.01,0.01,0.01,0.01,0.01,0.01,0.01,0.01,0.01,0.01,0.01,0.01,0.01,0.01,0.01,0.01,0.01,0.01,0.01,0.01,0.01,0.01,0.01,0.01,0.01,0.01,0.01,0.01,0.01,0.01,0.01
2023-12-29,0.01,0.01,0.01,0.01,0.01,0.01,0.01,0.01,0.01,0.01,0.01,0.01,0.01,0.01,0.01,0.01,0.01,0.01,0.01,0.01,0.01,0.01,0.01,0.01,0.01,0.01,0.01,0.01,0.01,0.01,0.01,0.01,0.01,0.01,0.01,0.01,0.01,0.01,0.01,0.01,0.01,0.01,0.01,0.01,0.01,0.01,0.01,0.01,0.01,0.01,0.01,0.01,0.01,0.01,0.01,0.01,0.01,0.01,0.01,0.01,0.01,0.01,0.01,0.01,0.01,0.01,0.01,0.01,0.01,0.01,0.01,0.01,0.01,0.01,0.01,0.01,0.01,0.01,0.01,0.01,0.01,0.01,0.01,0.01,0.01,0.01,0.01,0.01,0.01,0.01,0.01,0.01,0.01,0.01,0.01,0.01,0.01,0.01,0.01,0.01
2024-01-31,0.01,0.01,0.01,0.01,0.01,0.01,0.01,0.01,0.01,0.01,0.01,0.01,0.01,0.01,0.01,0.01,0.01,0.01,0.01,0.01,0.01,0.01,0.01,0.01,0.01,0.01,0.01,0.01,0.01,0.01,0.01,0.01,0.01,0.01,0.01,0.01,0.01,0.01,0.01,0.01,0.01,0.01,0.01,0.01,0.01,0.01,0.01,0.01,0.01,0.01,0.01,0.01,0.01,0.01,0.01,0.01,0.01,0.01,0.01,0.01,0.01,0.01,0.01,0.01,0.01,0.01,0.01,0.01,0.01,0.01,0.01,0.01,0.01,0.01,0.01,0.01,0.01,0.01,0.01,0.01,0.01,0.01,0.01,0.01,0.01,0.01,0.01,0.01,0.01,0.01,0.01,0.01,0.01,0.01,0.01,0.01,0.01,0.01,0.01,0.01
2024-02-29,0.01,0.01,0.01,0.01,0.01,0.01,0.01,0.01,0.01,0.01,0.01,0.01,0.01,0.01,0.01,0.01,0.01,0.01,0.01,0.01,0.01,0.01,0.01,0.01,0.01,0.01,0.01,0.01,0.01,0.01,0.01,0.01,0.01,0.01,0.01,0.01,0.01,0.01,0.01,0.01,0.01,0.01,0.01,0.01,0.01,0.01,0.01,0.01,0.01,0.01,0.01,0.01,0.01,0.01,0.01,0.01,0.01,0.01,0.01,0.01,0.01,0.01,0.01,0.01,0.01,0.01,0.01,0.01,0.01,0.01,0.01,0.01,0.01,0.01,0.01,0.01,0.01,0.01,0.01,0.01,0.01,0.01,0.01,0.01,0.01,0.01,0.01,0.01,0.01,0.01,0.01,0.01,0.01,0.01,0.01,0.01,0.01,0.01,0.01,0.01
2024-03-28,0.01,0.01,0.01,0.01,0.01,0.01,0.01,0.01,0.01,0.01,0.01,0.01,0.01,0.01,0.01,0.01,0.01,0.01,0.01,0.01,0.01,0.01,0.01,0.01,0.01,0.01,0.01,0.01,0.01,0.01,0.01,0.01,0.01,0.01,0.01,0.01,0.01,0.01,0.01,0.01,0.01,0.01,0.01,0.01,0.01,0.01,0.01,0.01,0.01,0.01,0.01,0.01,0.01,0.01,0.01,0.01,0.01,0.01,0.01,0.01,0.01,0.01,0.01,0.01,0.01,0.01,0.01,0.01,0.01,0.01,0.01,0.01,0.01,0.01,0.01,0.01,0.01,0.01,0.01,0.01,0.01,0.01,0.01,0.01,0.01,0.01,0.01,0.01,0.01,0.01,0.01,0.01,0.01,0.01,0.01,0.01,0.01,0.01,0.01,0.01
2024-04-30,0.01,0.01,0.01,0.01,0.01,0.01,0.01,0.01,0.01,0.01,0.01,0.01,0.01,0.01,0.01,0.01,0.01,0.01,0.01,0.01,0.01,0.01,0.01,0.01,0.01,0.01,0.01,0.01,0.01,0.01,0.01,0.01,0.01,0.01,0.01,0.01,0.01,0.01,0.01,0.01,0.01,0.01,0.01,0.01,0.01,0.01,0.01,0.01,0.01,0.01,0.01,0.01,0.01,0.01,0.01,0.01,0.01,0.01,0.01,0.01,0.01,0.01,0.01,0.01,0.01,0.01,0.01,0.01,0.01,0.01,0.01,0.01,0.01,0.01,0.01,0.01,0.01,0.01,0.01,0.01,0.01,0.01,0.01,0.01,0.01,0.01,0.01,0.01,0.01,0.01,0.01,0.01,0.01,0.01,0.01,0.01,0.01,0.01,0.01,0.01
2024-05-31,0.01,0.01,0.01,0.01,0.01,0.01,0.01,0.01,0.01,0.01,0.01,0.01,0.01,0.01,0.01,0.01,0.01,0.01,0.01,0.01,0.01,0.01,0.01,0.01,0.01,0.01,0.01,0.01,0.01,0.01,0.01,0.01,0.01,0.01,0.01,0.01,0.01,0.01,0.01,0.01,0.01,0.01,0.01,0.01,0.01,0.01,0.01,0.01,0.01,0.01,0.01,0.01,0.01,0.01,0.01,0.01,0.01,0.01,0.01,0.01,0.01,0.01,0.01,0.01,0.01,0.01,0.01,0.01,0.01,0.01,0.01,0.01,0.01,0.01,0.01,0.01,0.01,0.01,0.01,0.01,0.01,0.01,0.01,0.01,0.01,0.01,0.01,0.01,0.01,0.01,0.01,0.01,0.01,0.01,0.01,0.01,0.01,0.01,0.01,0.01
2024-06-28,0.01,0.01,0.01,0.01,0.01,0.01,0.01,0.01,0.01,0.01,0.01,0.01,0.01,0.01,0.01,0.01,0.01,0.01,0.01,0.01,0.01,0.01,0.01,0.01,0.01,0.01,0.01,0.01,0.01,0.01,0.01,0.01,0.01,0.01,0.01,0.01,0.01,0.01,0.01,0.01,0.01,0.01,0.01,0.01,0.01,0.01,0.01,0.01,0.01,0.01,0.01,0.01,0.01,0.01,0.01,0.01,0.01,0.01,0.01,0.01,0.01,0.01,0.01,0.01,0.01,0.01,0.01,0.01,0.01,0.01,0.01,0.01,0.01,0.01,0.01,0.01,0.01,0.01,0.01,0.01,0.01,0.01,0.01,0.01,0.01,0.01,0.01,0.01,0.01,0.01,0.01,0.01,0.01,0.01,0.01,0.01,0.01,0.01,0.01,0.01
2024-07-31,0.01,0.01,0.01,0.01,0.01,0.01,0.01,0.01,0.01,0.01,0.01,0.01,0.01,0.01,0.01,0.01,0.01,0.01,0.01,0.01,0.01,0.01,0.01,0.01,0.01,0.01,0.01,0.01,0.01,0.01,0.01,0.01,0.01,0.01,0.01,0.01,0.01,0.01,0.01,0.01,0.01,0.01,0.01,0.01,0.01,0.01,0.01,0.01,0.01,0.01,0.01,0.01,0.01,0.01,0.01,0.01,0.01,0.01,0.01,0.01,0.01,0.01,0.01,0.01,0.01,0.01,0.01,0.01,0.01,0.01,0.01,0.01,0.01,0.01,0.01,0.01,0.01,0.01,0.01,0.01,0.01,0.01,0.01,0.01,0.01,0.01,0.01,0.01,0.01,0.01,0.01,0.01,0.01,0.01,0.01,0.01,0.01,0.01,0.01,0.01
2024-08-30,0.01,0.01,0.01,0.01,0.01,0.01,0.01,0.01,0.01,0.01,0.01,0.01,0.01,0.01,0.01,0.01,0.01,0.01,0.01,0.01,0.01,0.01,0.01,0.01,0.01,0.01,0.01,0.01,0.01,0.01,0.01,0.01,0.01,0.01,0.01,0.01,0.01,0.01,0.01,0.01,0.01,0.01,0.01,0.01,0.01,0.01,0.01,0.01,0.01,0.01,0.01,0.01,0.01,0.01,0.01,0.01,0.01,0.01,0.01,0.01,0.01,0.01,0.01,0.01,0.01,0.01,0.01,0.01,0.01,0.01,0.01,0.01,0.01,0.01,0.01,0.01,0.01,0.01,0.01,0.01,0.01,0.01,0.01,0.01,0.01,0.01,0.01,0.01,0.01,0.01,0.01,0.01,0.01,0.01,0.01,0.01,0.01,0.01,0.01,0.01
2024-09-30,0.01,0.01,0.01,0.01,0.01,0.01,0.01,0.01,0.01,0.01,0.01,0.01,0.01,0.01,0.01,0.01,0.01,0.01,0.01,0.01,0.01,0.01,0.01,0.01,0.01,0.01,0.01,0.01,0.01,0.01,0.01,0.01,0.01,0.01,0.01,0.01,0.01,0.01,0.01,0.01,0.01,0.01,0.01,0.01,0.01,0.01,0.01,0.01,0.01,0.01,0.01,0.01,0.01,0.01,0.01,0.01,0.01,0.01,0.01,0.01,0.01,0.01,0.01,0.01,0.01,0.01,0.01,0.01,0.01,0.01,0.01,0.01,0.01,0.01,0.01,0.01,0.01,0.01,0.01,0.01,0.01,0.01,0.01,0.01,0.01,0.01,0.01,0.01,0.01,0.01,0.01,0.01,0.01,0.01,0.01,0.01,0.01,0.01,0.01,0.01
2024-10-31,0.01,0.01,0.01,0.01,0.01,0.01,0.01,0.01,0.01,0.01,0.01,0.01,0.01,0.01,0.01,0.01,0.01,0.01,0.01,0.01,0.01,0.01,0.01,0.01,0.01,0.01,0.01,0.01,0.01,0.01,0.01,0.01,0.01,0.01,0.01,0.01,0.01,0.01,0.01,0.01,0.01,0.01,0.01,0.01,0.01,0.01,0.01,0.01,0.01,0.01,0.01,0.01,0.01,0.01,0.01,0.01,0.01,0.01,0.01,0.01,0.01,0.01,0.01,0.01,0.01,0.01,0.01,0.01,0.01,0.01,0.01,0.01,0.01,0.01,0.01,0.01,0.01,0.01,0.01,0.01,0.01,0.01,0.01,0.01,0.01,0.01,0.01,0.01,0.01,0.01,0.01,0.01,0.01,0.01,0.01,0.01,0.01,0.01,0.01,0.01
2024-11-29,0.01,0.01,0.01,0.01,0.01,0.01,0.01,0.01,0.01,0.01,0.01,0.01,0.01,0.01,0.01,0.01,0.01,0.01,0.01,0.01,0.01,0.01,0.01,0.01,0.01,0.01,0.01,0.01,0.01,0.01,0.01,0.01,0.01,0.01,0.01,0.01,0.01,0.01,0.01,0.01,0.01,0.01,0.01,0.01,0.01,0.01,0.01,0.01,0.01,0.01,0.01,0.01,0.01,0.01,0.01,0.01,0.01,0.01,0.01,0.01,0.01,0.01,0.01,0.01,0.01,0.01,0.01,0.01,0.01,0.01,0.01,0.01,0.01,0.01,0.01,0.01,0.01,0.01,0.01,0.01,0.01,0.01,0.01,0.01,0.01,0.01,0.01,0.01,0.01,0.01,0.01,0.01,0.01,0.01,0.01,0.01,0.01,0.01,0.01,0.01
2024-12-31,0.01,0.01,0.01,0.01,0.01,0.01,0.01,0.01,0.01,0.01,0.01,0.01,0.01,0.01,0.01,0.01,0.01,0.01,0.01,0.01,0.01,0.01,0.01,0.01,0.01,0.01,0.01,0.01,0.01,0.01,0.01,0.01,0.01,0.01,0.01,0.01,0.01,0.01,0.01,0.01,0.01,0.01,0.01,0.01,0.01,0.01,0.01,0.01,0.01,0.01,0.01,0.01,0.01,0.01,0.01,0.01,0.01,0.01,0.01,0.01,0.01,0.01,0.01,0.01,0.01,0.01,0.01,0.01,0.01,0.01,0.01,0.01,0.01,0.01,0.01,0.01,0.01,0.01,0.01,0.01,0.01,0.01,0.01,0.01,0.01,0.01,0.01,0.01,0.01,0.01,0.01,0.01,0.01,0.01,0.01,0.01,0.01,0.01,0.01,0.01
